,mean_fit_time,std_fit_time,mean_score_time,std_score_time,param_algorithm,param_learning_rate,param_n_estimators,params,split0_test_roc_auc_score,split1_test_roc_auc_score,split2_test_roc_auc_score,split3_test_roc_auc_score,split4_test_roc_auc_score,mean_test_roc_auc_score,std_test_roc_auc_score,rank_test_roc_auc_score,split0_test_f1_weighted_score,split1_test_f1_weighted_score,split2_test_f1_weighted_score,split3_test_f1_weighted_score,split4_test_f1_weighted_score,mean_test_f1_weighted_score,std_test_f1_weighted_score,rank_test_f1_weighted_score
0,0.017556190490722656,0.00944392813032194,0.011501598358154296,0.00389444710907721,SAMME,1e-07,1,"{'algorithm': 'SAMME', 'learning_rate': 1e-07, 'n_estimators': 1}",0.9042553191489362,0.9680851063829787,0.9361702127659575,0.8825161887141536,0.9782608695652174,0.9338575393154487,0.0364986472721189,104,0.904244482173175,0.9680525659907103,0.9361413043478262,0.8811436575619,0.9784796893667861,0.9336123398880796,0.03693517991371316,66
1,0.14266905784606934,0.00798346888163129,0.024440717697143555,0.0005775683735665852,SAMME,1e-07,51,"{'algorithm': 'SAMME', 'learning_rate': 1e-07, 'n_estimators': 51}",0.9042553191489362,0.9680851063829787,0.9361702127659575,0.8825161887141536,0.9782608695652174,0.9338575393154487,0.0364986472721189,104,0.904244482173175,0.9680525659907103,0.9361413043478262,0.8811436575619,0.9784796893667861,0.9336123398880796,0.03693517991371316,66
2,0.2867839813232422,0.011821363724429289,0.041966819763183595,0.003085600924861496,SAMME,1e-07,101,"{'algorithm': 'SAMME', 'learning_rate': 1e-07, 'n_estimators': 101}",0.9042553191489362,0.9680851063829787,0.9361702127659575,0.8825161887141536,0.9782608695652174,0.9338575393154487,0.0364986472721189,104,0.904244482173175,0.9680525659907103,0.9361413043478262,0.8811436575619,0.9784796893667861,0.9336123398880796,0.03693517991371316,66
3,0.39789862632751466,0.02142200316279628,0.049743127822875974,0.0034282568983329876,SAMME,1e-07,151,"{'algorithm': 'SAMME', 'learning_rate': 1e-07, 'n_estimators': 151}",0.9042553191489362,0.9680851063829787,0.9361702127659575,0.8825161887141536,0.9782608695652174,0.9338575393154487,0.0364986472721189,104,0.904244482173175,0.9680525659907103,0.9361413043478262,0.8811436575619,0.9784796893667861,0.9336123398880796,0.03693517991371316,66
4,0.551934289932251,0.022658619505351883,0.06761479377746582,0.003518645577673054,SAMME,1e-07,201,"{'algorithm': 'SAMME', 'learning_rate': 1e-07, 'n_estimators': 201}",0.9042553191489362,0.9680851063829787,0.9361702127659575,0.8825161887141536,0.9782608695652174,0.9338575393154487,0.0364986472721189,104,0.904244482173175,0.9680525659907103,0.9361413043478262,0.8811436575619,0.9784796893667861,0.9336123398880796,0.03693517991371316,66
5,0.6626578807830811,0.016305022884417875,0.07212419509887695,0.005072710737286159,SAMME,1e-07,251,"{'algorithm': 'SAMME', 'learning_rate': 1e-07, 'n_estimators': 251}",0.9042553191489362,0.9680851063829787,0.9361702127659575,0.8825161887141536,0.9782608695652174,0.9338575393154487,0.0364986472721189,104,0.904244482173175,0.9680525659907103,0.9361413043478262,0.8811436575619,0.9784796893667861,0.9336123398880796,0.03693517991371316,66
6,0.7685917377471924,0.00946446853791852,0.08724617958068848,0.012316737109407632,SAMME,1e-07,301,"{'algorithm': 'SAMME', 'learning_rate': 1e-07, 'n_estimators': 301}",0.9042553191489362,0.9680851063829787,0.9361702127659575,0.8825161887141536,0.9782608695652174,0.9338575393154487,0.0364986472721189,104,0.904244482173175,0.9680525659907103,0.9361413043478262,0.8811436575619,0.9784796893667861,0.9336123398880796,0.03693517991371316,66
7,0.8816733837127686,0.034270037623685363,0.11367826461791992,0.010575357615915224,SAMME,1e-07,351,"{'algorithm': 'SAMME', 'learning_rate': 1e-07, 'n_estimators': 351}",0.9042553191489362,0.9680851063829787,0.9361702127659575,0.8825161887141536,0.9782608695652174,0.9338575393154487,0.0364986472721189,104,0.904244482173175,0.9680525659907103,0.9361413043478262,0.8811436575619,0.9784796893667861,0.9336123398880796,0.03693517991371316,66
8,1.0225990772247315,0.021174428239199503,0.1248239517211914,0.009546055476249557,SAMME,1e-07,401,"{'algorithm': 'SAMME', 'learning_rate': 1e-07, 'n_estimators': 401}",0.9042553191489362,0.9680851063829787,0.9361702127659575,0.8825161887141536,0.9782608695652174,0.9338575393154487,0.0364986472721189,104,0.904244482173175,0.9680525659907103,0.9361413043478262,0.8811436575619,0.9784796893667861,0.9336123398880796,0.03693517991371316,66
9,1.1619112968444825,0.022627349467587942,0.13801212310791017,0.010441005136302082,SAMME,1e-07,451,"{'algorithm': 'SAMME', 'learning_rate': 1e-07, 'n_estimators': 451}",0.9042553191489362,0.9680851063829787,0.9361702127659575,0.8825161887141536,0.9782608695652174,0.9338575393154487,0.0364986472721189,104,0.904244482173175,0.9680525659907103,0.9361413043478262,0.8811436575619,0.9784796893667861,0.9336123398880796,0.03693517991371316,66
10,0.0176236629486084,0.007647432873483767,0.012814521789550781,0.0041375562672044215,SAMME,1e-06,1,"{'algorithm': 'SAMME', 'learning_rate': 1e-06, 'n_estimators': 1}",0.9042553191489362,0.9680851063829787,0.9361702127659575,0.8825161887141536,0.9782608695652174,0.9338575393154487,0.0364986472721189,104,0.904244482173175,0.9680525659907103,0.9361413043478262,0.8811436575619,0.9784796893667861,0.9336123398880796,0.03693517991371316,66
11,0.14421873092651366,0.009057805743214496,0.021659088134765626,0.0047327152365141895,SAMME,1e-06,51,"{'algorithm': 'SAMME', 'learning_rate': 1e-06, 'n_estimators': 51}",0.9042553191489362,0.9680851063829787,0.9361702127659575,0.8825161887141536,0.9782608695652174,0.9338575393154487,0.0364986472721189,104,0.904244482173175,0.9680525659907103,0.9361413043478262,0.8811436575619,0.9784796893667861,0.9336123398880796,0.03693517991371316,66
12,0.2555952548980713,0.011430758720588794,0.04028201103210449,0.0004056187755843543,SAMME,1e-06,101,"{'algorithm': 'SAMME', 'learning_rate': 1e-06, 'n_estimators': 101}",0.9042553191489362,0.9680851063829787,0.9361702127659575,0.8825161887141536,0.9782608695652174,0.9338575393154487,0.0364986472721189,104,0.904244482173175,0.9680525659907103,0.9361413043478262,0.8811436575619,0.9784796893667861,0.9336123398880796,0.03693517991371316,66
13,0.38968119621276853,0.014741153516110243,0.051308393478393555,0.006682049923136504,SAMME,1e-06,151,"{'algorithm': 'SAMME', 'learning_rate': 1e-06, 'n_estimators': 151}",0.9042553191489362,0.9680851063829787,0.9361702127659575,0.8825161887141536,0.9782608695652174,0.9338575393154487,0.0364986472721189,104,0.904244482173175,0.9680525659907103,0.9361413043478262,0.8811436575619,0.9784796893667861,0.9336123398880796,0.03693517991371316,66
14,0.5350414752960205,0.013695560427799605,0.06740541458129883,0.008027654303056493,SAMME,1e-06,201,"{'algorithm': 'SAMME', 'learning_rate': 1e-06, 'n_estimators': 201}",0.9042553191489362,0.9680851063829787,0.9361702127659575,0.8825161887141536,0.9782608695652174,0.9338575393154487,0.0364986472721189,104,0.904244482173175,0.9680525659907103,0.9361413043478262,0.8811436575619,0.9784796893667861,0.9336123398880796,0.03693517991371316,66
15,0.6460308074951172,0.023165375570124942,0.07521228790283203,0.003810002297015403,SAMME,1e-06,251,"{'algorithm': 'SAMME', 'learning_rate': 1e-06, 'n_estimators': 251}",0.9042553191489362,0.9680851063829787,0.9361702127659575,0.8825161887141536,0.9782608695652174,0.9338575393154487,0.0364986472721189,104,0.904244482173175,0.9680525659907103,0.9361413043478262,0.8811436575619,0.9784796893667861,0.9336123398880796,0.03693517991371316,66
16,0.76948561668396,0.010124553908791934,0.09135842323303223,0.014069060562532305,SAMME,1e-06,301,"{'algorithm': 'SAMME', 'learning_rate': 1e-06, 'n_estimators': 301}",0.9042553191489362,0.9680851063829787,0.9361702127659575,0.8825161887141536,0.9782608695652174,0.9338575393154487,0.0364986472721189,104,0.904244482173175,0.9680525659907103,0.9361413043478262,0.8811436575619,0.9784796893667861,0.9336123398880796,0.03693517991371316,66
17,0.8940727710723877,0.019358194288652264,0.10406074523925782,0.008616359127322447,SAMME,1e-06,351,"{'algorithm': 'SAMME', 'learning_rate': 1e-06, 'n_estimators': 351}",0.9042553191489362,0.9680851063829787,0.9361702127659575,0.8825161887141536,0.9782608695652174,0.9338575393154487,0.0364986472721189,104,0.904244482173175,0.9680525659907103,0.9361413043478262,0.8811436575619,0.9784796893667861,0.9336123398880796,0.03693517991371316,66
18,1.0079908847808838,0.017072453896914152,0.11861228942871094,0.010487624154128653,SAMME,1e-06,401,"{'algorithm': 'SAMME', 'learning_rate': 1e-06, 'n_estimators': 401}",0.9042553191489362,0.9680851063829787,0.9361702127659575,0.8825161887141536,0.9782608695652174,0.9338575393154487,0.0364986472721189,104,0.904244482173175,0.9680525659907103,0.9361413043478262,0.8811436575619,0.9784796893667861,0.9336123398880796,0.03693517991371316,66
19,1.143937873840332,0.010819596315656694,0.1360832691192627,0.007052536855468507,SAMME,1e-06,451,"{'algorithm': 'SAMME', 'learning_rate': 1e-06, 'n_estimators': 451}",0.9042553191489362,0.9680851063829787,0.9361702127659575,0.8825161887141536,0.9782608695652174,0.9338575393154487,0.0364986472721189,104,0.904244482173175,0.9680525659907103,0.9361413043478262,0.8811436575619,0.9784796893667861,0.9336123398880796,0.03693517991371316,66
20,0.010217857360839844,0.0032564839474384633,0.010429096221923829,0.004814534710678754,SAMME,1e-05,1,"{'algorithm': 'SAMME', 'learning_rate': 1e-05, 'n_estimators': 1}",0.9042553191489362,0.9680851063829787,0.9361702127659575,0.8825161887141536,0.9782608695652174,0.9338575393154487,0.0364986472721189,104,0.904244482173175,0.9680525659907103,0.9361413043478262,0.8811436575619,0.9784796893667861,0.9336123398880796,0.03693517991371316,66
21,0.12779335975646972,0.005340699397521734,0.028844213485717772,0.006411483893864391,SAMME,1e-05,51,"{'algorithm': 'SAMME', 'learning_rate': 1e-05, 'n_estimators': 51}",0.9042553191489362,0.9680851063829787,0.9361702127659575,0.8825161887141536,0.9782608695652174,0.9338575393154487,0.0364986472721189,104,0.904244482173175,0.9680525659907103,0.9361413043478262,0.8811436575619,0.9784796893667861,0.9336123398880796,0.03693517991371316,66
22,0.2647234916687012,0.008868527634409894,0.03508157730102539,0.004090004533506171,SAMME,1e-05,101,"{'algorithm': 'SAMME', 'learning_rate': 1e-05, 'n_estimators': 101}",0.9042553191489362,0.9680851063829787,0.9361702127659575,0.8825161887141536,0.9782608695652174,0.9338575393154487,0.0364986472721189,104,0.904244482173175,0.9680525659907103,0.9361413043478262,0.8811436575619,0.9784796893667861,0.9336123398880796,0.03693517991371316,66
23,0.3895247936248779,0.008386971339327991,0.051261377334594724,0.008074420688879912,SAMME,1e-05,151,"{'algorithm': 'SAMME', 'learning_rate': 1e-05, 'n_estimators': 151}",0.9042553191489362,0.9680851063829787,0.9361702127659575,0.8825161887141536,0.9782608695652174,0.9338575393154487,0.0364986472721189,104,0.904244482173175,0.9680525659907103,0.9361413043478262,0.8811436575619,0.9784796893667861,0.9336123398880796,0.03693517991371316,66
24,0.5102124214172363,0.008752926548998263,0.06178507804870605,0.007773408876309572,SAMME,1e-05,201,"{'algorithm': 'SAMME', 'learning_rate': 1e-05, 'n_estimators': 201}",0.9042553191489362,0.9680851063829787,0.9361702127659575,0.8825161887141536,0.9782608695652174,0.9338575393154487,0.0364986472721189,104,0.904244482173175,0.9680525659907103,0.9361413043478262,0.8811436575619,0.9784796893667861,0.9336123398880796,0.03693517991371316,66
25,0.6362964153289795,0.008318635152032426,0.0703216552734375,0.0059626440823803036,SAMME,1e-05,251,"{'algorithm': 'SAMME', 'learning_rate': 1e-05, 'n_estimators': 251}",0.9042553191489362,0.9680851063829787,0.9361702127659575,0.8825161887141536,0.9782608695652174,0.9338575393154487,0.0364986472721189,104,0.904244482173175,0.9680525659907103,0.9361413043478262,0.8811436575619,0.9784796893667861,0.9336123398880796,0.03693517991371316,66
26,0.7543721675872803,0.026428107994232945,0.09611659049987793,0.013404460232544572,SAMME,1e-05,301,"{'algorithm': 'SAMME', 'learning_rate': 1e-05, 'n_estimators': 301}",0.9042553191489362,0.9680851063829787,0.9361702127659575,0.8825161887141536,0.9782608695652174,0.9338575393154487,0.0364986472721189,104,0.904244482173175,0.9680525659907103,0.9361413043478262,0.8811436575619,0.9784796893667861,0.9336123398880796,0.03693517991371316,66
27,0.8819292068481446,0.01495642020833505,0.10657920837402343,0.017232262616546448,SAMME,1e-05,351,"{'algorithm': 'SAMME', 'learning_rate': 1e-05, 'n_estimators': 351}",0.9042553191489362,0.9680851063829787,0.9361702127659575,0.8825161887141536,0.9782608695652174,0.9338575393154487,0.0364986472721189,104,0.904244482173175,0.9680525659907103,0.9361413043478262,0.8811436575619,0.9784796893667861,0.9336123398880796,0.03693517991371316,66
28,1.0062686920166015,0.031033873159027062,0.1363386631011963,0.023282174388047413,SAMME,1e-05,401,"{'algorithm': 'SAMME', 'learning_rate': 1e-05, 'n_estimators': 401}",0.9042553191489362,0.9680851063829787,0.9361702127659575,0.8924606845513413,0.9782608695652174,0.9358464384828862,0.0338193523497334,76,0.904244482173175,0.9680525659907103,0.9361413043478262,0.8811436575619,0.9784796893667861,0.9336123398880796,0.03693517991371316,66
29,1.3164010524749756,0.046804100548950775,0.22203497886657714,0.009663668895827442,SAMME,1e-05,451,"{'algorithm': 'SAMME', 'learning_rate': 1e-05, 'n_estimators': 451}",0.9042553191489362,0.9680851063829787,0.9361702127659575,0.8924606845513413,0.9782608695652174,0.9358464384828862,0.0338193523497334,76,0.904244482173175,0.9680525659907103,0.9361413043478262,0.8811436575619,0.9784796893667861,0.9336123398880796,0.03693517991371316,66
30,0.013010168075561523,0.00367526490548514,0.009410381317138672,0.0033029255499684375,SAMME,0.0001,1,"{'algorithm': 'SAMME', 'learning_rate': 0.0001, 'n_estimators': 1}",0.9042553191489362,0.9680851063829787,0.9361702127659575,0.8825161887141536,0.9782608695652174,0.9338575393154487,0.0364986472721189,104,0.904244482173175,0.9680525659907103,0.9361413043478262,0.8811436575619,0.9784796893667861,0.9336123398880796,0.03693517991371316,66
31,0.13297038078308104,0.00393292207941709,0.02242145538330078,0.0029638384574248566,SAMME,0.0001,51,"{'algorithm': 'SAMME', 'learning_rate': 0.0001, 'n_estimators': 51}",0.9042553191489362,0.9680851063829787,0.9361702127659575,0.8924606845513413,0.9782608695652174,0.9358464384828862,0.0338193523497334,76,0.904244482173175,0.9680525659907103,0.9361413043478262,0.8811436575619,0.9784796893667861,0.9336123398880796,0.03693517991371316,66
32,0.25961861610412595,0.006417942226029614,0.041790342330932616,0.009248049543410894,SAMME,0.0001,101,"{'algorithm': 'SAMME', 'learning_rate': 0.0001, 'n_estimators': 101}",0.9042553191489362,0.9680851063829787,0.9361702127659575,0.8924606845513413,0.9782608695652174,0.9358464384828862,0.0338193523497334,76,0.904244482173175,0.9680525659907103,0.9361413043478262,0.8811436575619,0.9784796893667861,0.9336123398880796,0.03693517991371316,66
33,0.45542407035827637,0.04530429818707759,0.08726434707641602,0.005444164840413705,SAMME,0.0001,151,"{'algorithm': 'SAMME', 'learning_rate': 0.0001, 'n_estimators': 151}",0.9042553191489362,0.9680851063829787,0.9361702127659575,0.8924606845513413,0.9782608695652174,0.9358464384828862,0.0338193523497334,76,0.904244482173175,0.9680525659907103,0.9361413043478262,0.8811436575619,0.9784796893667861,0.9336123398880796,0.03693517991371316,66
34,0.7579997062683106,0.06779829606111847,0.10581736564636231,0.003249836915338965,SAMME,0.0001,201,"{'algorithm': 'SAMME', 'learning_rate': 0.0001, 'n_estimators': 201}",0.9042553191489362,0.9680851063829787,0.9361702127659575,0.8924606845513413,0.9782608695652174,0.9358464384828862,0.0338193523497334,76,0.904244482173175,0.9680525659907103,0.9361413043478262,0.8811436575619,0.9784796893667861,0.9336123398880796,0.03693517991371316,66
35,1.0255536079406737,0.03391178600736674,0.11833324432373046,0.012738654497466495,SAMME,0.0001,251,"{'algorithm': 'SAMME', 'learning_rate': 0.0001, 'n_estimators': 251}",0.9042553191489362,0.9680851063829787,0.9361702127659575,0.8924606845513413,0.9782608695652174,0.9358464384828862,0.0338193523497334,76,0.904244482173175,0.9680525659907103,0.9361413043478262,0.8811436575619,0.9784796893667861,0.9336123398880796,0.03693517991371316,66
36,1.2064342975616456,0.03681731500760416,0.1486844539642334,0.006308188248230047,SAMME,0.0001,301,"{'algorithm': 'SAMME', 'learning_rate': 0.0001, 'n_estimators': 301}",0.9042553191489362,0.9680851063829787,0.9361702127659575,0.8924606845513413,0.9782608695652174,0.9358464384828862,0.0338193523497334,76,0.904244482173175,0.9680525659907103,0.9361413043478262,0.8811436575619,0.9784796893667861,0.9336123398880796,0.03693517991371316,66
37,1.3756155014038085,0.02332530704496101,0.1733102321624756,0.014007661489212687,SAMME,0.0001,351,"{'algorithm': 'SAMME', 'learning_rate': 0.0001, 'n_estimators': 351}",0.9042553191489362,0.9680851063829787,0.9361702127659575,0.8924606845513413,0.9782608695652174,0.9358464384828862,0.0338193523497334,76,0.904244482173175,0.9680525659907103,0.9361413043478262,0.8811436575619,0.9784796893667861,0.9336123398880796,0.03693517991371316,66
38,1.5757530212402344,0.07264411728105451,0.19414200782775878,0.0029149444077639585,SAMME,0.0001,401,"{'algorithm': 'SAMME', 'learning_rate': 0.0001, 'n_estimators': 401}",0.9042553191489362,0.9680851063829787,0.9361702127659575,0.8924606845513413,0.9782608695652174,0.9358464384828862,0.0338193523497334,76,0.904244482173175,0.9680525659907103,0.9361413043478262,0.8811436575619,0.9784796893667861,0.9336123398880796,0.03693517991371316,66
39,1.8106465816497803,0.05495904207770293,0.21505341529846192,0.012903110406644202,SAMME,0.0001,451,"{'algorithm': 'SAMME', 'learning_rate': 0.0001, 'n_estimators': 451}",0.9042553191489362,0.9680851063829787,0.9449977365323676,0.8924606845513413,0.9782608695652174,0.9376119432361681,0.03401999223342606,71,0.904244482173175,0.9680525659907103,0.9361413043478262,0.8811436575619,0.9784796893667861,0.9336123398880796,0.03693517991371316,66
40,0.015230178833007812,0.0013538069169687916,0.01471414566040039,0.003123022998992024,SAMME,0.001,1,"{'algorithm': 'SAMME', 'learning_rate': 0.001, 'n_estimators': 1}",0.9042553191489362,0.9680851063829787,0.9361702127659575,0.8825161887141536,0.9782608695652174,0.9338575393154487,0.0364986472721189,104,0.904244482173175,0.9680525659907103,0.9361413043478262,0.8811436575619,0.9784796893667861,0.9336123398880796,0.03693517991371316,66
41,0.2132956027984619,0.010712310473924977,0.03858537673950195,0.0032640300522261655,SAMME,0.001,51,"{'algorithm': 'SAMME', 'learning_rate': 0.001, 'n_estimators': 51}",0.9042553191489362,0.9680851063829787,0.9449977365323676,0.8924606845513413,0.9782608695652174,0.9376119432361681,0.03401999223342606,71,0.904244482173175,0.9680525659907103,0.9361413043478262,0.8811436575619,0.9784796893667861,0.9336123398880796,0.03693517991371316,66
42,0.3983522891998291,0.028202797409986855,0.06432294845581055,0.006930230485302926,SAMME,0.001,101,"{'algorithm': 'SAMME', 'learning_rate': 0.001, 'n_estimators': 101}",0.9214576731552738,0.9680851063829787,0.9449977365323676,0.8924606845513413,0.9782608695652174,0.9410524140374358,0.031227908135158675,69,0.904244482173175,0.9680525659907103,0.9361413043478262,0.8811436575619,0.9784796893667861,0.9336123398880796,0.03693517991371316,66
43,0.5913491725921631,0.03473692132348713,0.08805899620056153,0.004889915932901927,SAMME,0.001,151,"{'algorithm': 'SAMME', 'learning_rate': 0.001, 'n_estimators': 151}",0.922363060208239,0.9680851063829787,0.9449977365323676,0.8924606845513413,0.9782608695652174,0.9412334914480288,0.031116186667585907,67,0.904244482173175,0.9680525659907103,0.9361413043478262,0.8811436575619,0.9784796893667861,0.9336123398880796,0.03693517991371316,66
44,0.7692986965179444,0.0376229782229628,0.10722117424011231,0.008143828864546655,SAMME,0.001,201,"{'algorithm': 'SAMME', 'learning_rate': 0.001, 'n_estimators': 201}",0.922363060208239,0.9993209597102761,0.9449977365323676,0.8924606845513413,0.9986123959296946,0.9515509673863838,0.04215042231995601,65,0.904244482173175,0.9680525659907103,0.9361413043478262,0.8811436575619,0.9784796893667861,0.9336123398880796,0.03693517991371316,66
45,1.0104889869689941,0.020780371564515773,0.12819771766662597,0.007072697166237745,SAMME,0.001,251,"{'algorithm': 'SAMME', 'learning_rate': 0.001, 'n_estimators': 251}",0.922363060208239,0.9997736532367587,0.9449977365323676,0.8924606845513413,0.9986123959296946,0.9516415060916803,0.042253295224080833,64,0.904244482173175,0.9680525659907103,0.9361413043478262,0.8811436575619,0.9784796893667861,0.9336123398880796,0.03693517991371316,66
46,1.2088242053985596,0.05450239818449756,0.1489887237548828,0.00852670180979966,SAMME,0.001,301,"{'algorithm': 'SAMME', 'learning_rate': 0.001, 'n_estimators': 301}",0.9563150746944318,0.9997736532367587,0.9805341783612493,0.8924606845513413,0.9986123959296946,0.9655391973546952,0.039790042375727024,61,0.904244482173175,0.9680525659907103,0.9361413043478262,0.8811436575619,0.9784796893667861,0.9336123398880796,0.03693517991371316,66
47,1.4091768264770508,0.06423542039948056,0.17658553123474122,0.011234693807731743,SAMME,0.001,351,"{'algorithm': 'SAMME', 'learning_rate': 0.001, 'n_estimators': 351}",0.9563150746944318,0.9997736532367587,0.9805341783612493,0.9019426456984273,0.9986123959296946,0.9674355895841125,0.03633815678564389,59,0.9254559873116576,0.9680525659907103,0.9254559873116576,0.8920990683663494,0.9784796893667861,0.9379086596694322,0.03150657167025701,59
48,1.5540613174438476,0.08313447014647368,0.20566935539245607,0.014576636596147155,SAMME,0.001,401,"{'algorithm': 'SAMME', 'learning_rate': 0.001, 'n_estimators': 401}",0.9542779538252604,0.9997736532367587,0.9805341783612493,0.9553654024051805,0.9986123959296946,0.9777127167516287,0.019899913195165663,54,0.9254559873116576,0.9680525659907103,0.9254559873116576,0.8920990683663494,0.9784796893667861,0.9379086596694322,0.03150657167025701,59
49,1.8004086017608643,0.05220128081936634,0.21997423171997071,0.010808297933381238,SAMME,0.001,451,"{'algorithm': 'SAMME', 'learning_rate': 0.001, 'n_estimators': 451}",0.9542779538252604,0.9997736532367587,0.9805341783612493,0.9553654024051805,0.9986123959296946,0.9777127167516287,0.019899913195165663,54,0.9147392290249434,0.9680525659907103,0.9254559873116576,0.9030016104744362,0.9784796893667861,0.9379458164337068,0.029883273865577844,57
50,0.014157676696777343,0.0030972359314335126,0.016033267974853514,0.00030349737798345867,SAMME,0.01,1,"{'algorithm': 'SAMME', 'learning_rate': 0.01, 'n_estimators': 1}",0.9042553191489362,0.9680851063829787,0.9361702127659575,0.8825161887141536,0.9782608695652174,0.9338575393154487,0.0364986472721189,104,0.904244482173175,0.9680525659907103,0.9361413043478262,0.8811436575619,0.9784796893667861,0.9336123398880796,0.03693517991371316,66
51,0.2131659984588623,0.014313948169733583,0.03400092124938965,0.0030483814404443357,SAMME,0.01,51,"{'algorithm': 'SAMME', 'learning_rate': 0.01, 'n_estimators': 51}",0.9542779538252604,0.9997736532367587,0.9805341783612493,0.9553654024051805,0.9986123959296946,0.9777127167516287,0.019899913195165663,54,0.9147392290249434,0.9680525659907103,0.9254559873116576,0.9030016104744362,0.9784796893667861,0.9379458164337068,0.029883273865577844,57
52,0.4252932071685791,0.014407849945425513,0.06071557998657227,0.003932080901789398,SAMME,0.01,101,"{'algorithm': 'SAMME', 'learning_rate': 0.01, 'n_estimators': 101}",0.9569941149841558,0.9997736532367587,0.9821186057039384,0.9569842738205366,1.0,0.979174129549078,0.019240945607625883,52,0.9147392290249434,0.9893604980192416,0.9254559873116576,0.9030016104744362,0.9784796893667861,0.942207402839413,0.034960828951307615,53
53,0.6249433040618897,0.026847274481355293,0.08536286354064941,0.004261204773349724,SAMME,0.01,151,"{'algorithm': 'SAMME', 'learning_rate': 0.01, 'n_estimators': 151}",0.9569941149841558,0.9995473064735175,0.9868718877320054,0.962072155411656,1.0,0.9810970929202669,0.018297433284143808,51,0.9147392290249434,0.9893604980192416,0.9254559873116576,0.9030016104744362,1.0,0.9465114649660556,0.04010730249594201,50
54,0.7897233963012695,0.05846004304399097,0.10904006958007813,0.003906574434282728,SAMME,0.01,201,"{'algorithm': 'SAMME', 'learning_rate': 0.01, 'n_estimators': 201}",0.9859665006790403,0.9995473064735174,0.9895880488909008,0.9884366327474561,1.0,0.992707697758183,0.005888562860422228,49,0.9147392290249434,0.9893604980192416,0.9254559873116576,0.9136792546930796,1.0,0.9486469938097845,0.03796056570658556,49
55,1.0053834915161133,0.04850392294616854,0.1351161003112793,0.008280280283744206,SAMME,0.01,251,"{'algorithm': 'SAMME', 'learning_rate': 0.01, 'n_estimators': 251}",0.9868718877320055,0.9995473064735173,0.9907197827071074,0.9888991674375578,1.0,0.9932076288700376,0.005499484555791272,48,0.9147392290249434,0.9893604980192416,0.9361413043478262,0.9136792546930796,1.0,0.9507840572170181,0.03688023055868845,48
56,1.1881765842437744,0.05635317107969372,0.15102825164794922,0.005854628581993748,SAMME,0.01,301,"{'algorithm': 'SAMME', 'learning_rate': 0.01, 'n_estimators': 301}",0.987324581258488,1.0,0.9927569035762788,0.9888991674375578,1.0,0.9937961304544649,0.005365019719726772,47,0.9147392290249434,0.9893604980192416,0.9680814940577249,0.9136792546930796,1.0,0.9571720951589979,0.03655547290417463,46
57,1.4327969074249267,0.023506860885320387,0.1752384662628174,0.00575278001877004,SAMME,0.01,351,"{'algorithm': 'SAMME', 'learning_rate': 0.01, 'n_estimators': 351}",0.987324581258488,1.0,0.9959257582616569,0.9916743755781684,1.0,0.9949849430196626,0.004915846324863668,46,0.9147392290249434,0.9893604980192416,0.9680814940577249,0.9136792546930796,1.0,0.9571720951589979,0.03655547290417463,46
58,1.570521593093872,0.08069059814139633,0.2033663272857666,0.012161958860412414,SAMME,0.01,401,"{'algorithm': 'SAMME', 'learning_rate': 0.01, 'n_estimators': 401}",0.9886826618379357,1.0,0.9968311453146219,0.9921369102682701,1.0,0.9955301434841655,0.0044733405159915205,45,0.9254559873116576,0.9893604980192416,0.9680814940577249,0.9245568081467836,1.0,0.9614909575070815,0.03151426115287993,44
59,1.773284673690796,0.06619224069882011,0.22342610359191895,0.013630755985756443,SAMME,0.01,451,"{'algorithm': 'SAMME', 'learning_rate': 0.01, 'n_estimators': 451}",0.9927569035762789,1.0,0.9970574920778633,0.9921369102682701,1.0,0.9963902611844825,0.003399938447181802,44,0.9361413043478262,1.0,0.9680814940577249,0.9136792546930796,1.0,0.9635804106197263,0.03439785647155197,43
60,0.012013578414916992,0.0037940224146060138,0.012718105316162109,0.003838710152032327,SAMME,0.1,1,"{'algorithm': 'SAMME', 'learning_rate': 0.1, 'n_estimators': 1}",0.9042553191489362,0.9680851063829787,0.9361702127659575,0.8825161887141536,0.9782608695652174,0.9338575393154487,0.0364986472721189,104,0.904244482173175,0.9680525659907103,0.9361413043478262,0.8811436575619,0.9784796893667861,0.9336123398880796,0.03693517991371316,66
61,0.21295576095581054,0.006373140406844598,0.03809819221496582,0.007093923201967053,SAMME,0.1,51,"{'algorithm': 'SAMME', 'learning_rate': 0.1, 'n_estimators': 51}",0.9963784517881394,0.9999999999999999,0.9975101856043459,0.9898242368177613,1.0,0.9967425748420492,0.0037364916758475613,43,0.9361413043478262,1.0,0.9680814940577249,0.9245568081467836,1.0,0.965755921310467,0.0313850748047876,41
62,0.41416492462158205,0.03427903359620893,0.06071195602416992,0.004014589645729648,SAMME,0.1,101,"{'algorithm': 'SAMME', 'learning_rate': 0.1, 'n_estimators': 101}",0.9963784517881394,1.0,0.9986419194205522,0.996299722479186,1.0,0.9982640187375754,0.0016482653502819828,41,0.9361413043478262,1.0,0.9893604980192416,0.9136792546930796,0.9892448242193573,0.9656851762559009,0.034265263011590455,42
63,0.6073952198028565,0.04215722467151606,0.08346304893493653,0.0036668423885332308,SAMME,0.1,151,"{'algorithm': 'SAMME', 'learning_rate': 0.1, 'n_estimators': 151}",0.9963784517881394,1.0,0.9990946129470348,0.9976873265494912,1.0,0.9986320782569331,0.0014090951834010088,40,0.946754276651184,1.0,0.9893604980192416,0.9569295101553166,1.0,0.9786088569651484,0.02242974877750886,39
64,0.7894447803497314,0.061396754373039215,0.10929985046386718,0.008470663220515842,SAMME,0.1,201,"{'algorithm': 'SAMME', 'learning_rate': 0.1, 'n_estimators': 201}",0.9977365323675872,1.0,0.9990946129470348,0.9976873265494912,1.0,0.9989036943728227,0.0010278170835748902,38,0.9680525659907103,1.0,0.9893604980192416,0.9569295101553166,1.0,0.9828685148330537,0.01744400021503642,38
65,1.0179899692535401,0.07162640988593078,0.12400102615356445,0.0038057370693182204,SAMME,0.1,251,"{'algorithm': 'SAMME', 'learning_rate': 0.1, 'n_estimators': 251}",0.9990946129470348,1.0,0.9990946129470348,0.9981498612395929,1.0,0.9992678174267325,0.0006902185539568702,37,0.978713768115942,1.0,0.9893604980192416,0.9569295101553166,1.0,0.9850007552581002,0.016102689536498918,35
66,1.197063970565796,0.059357966719688404,0.1502467155456543,0.004702196381645006,SAMME,0.1,301,"{'algorithm': 'SAMME', 'learning_rate': 0.1, 'n_estimators': 301}",1.0,1.0,1.0,0.9986123959296948,1.0,0.9997224791859389,0.0005550416281220993,33,0.978713768115942,1.0,0.9893604980192416,0.9569295101553166,1.0,0.9850007552581002,0.016102689536498918,35
67,1.4062644004821778,0.04972907339519597,0.16732254028320312,0.005955855690793357,SAMME,0.1,351,"{'algorithm': 'SAMME', 'learning_rate': 0.1, 'n_estimators': 351}",1.0,1.0,1.0,0.9990749306197965,1.0,0.9998149861239594,0.0003700277520814144,28,0.9893604980192416,1.0,1.0,0.967719547006474,1.0,0.9914160090051432,0.012544338490864181,25
68,1.6127689361572266,0.0919896954879992,0.19896626472473145,0.007557860249595559,SAMME,0.1,401,"{'algorithm': 'SAMME', 'learning_rate': 0.1, 'n_estimators': 401}",1.0,1.0,1.0,0.9990749306197965,1.0,0.9998149861239594,0.0003700277520814144,28,1.0,1.0,1.0,0.967719547006474,1.0,0.9935439094012949,0.0129121811974104,12
69,1.7778755664825439,0.061362047438082656,0.22059159278869628,0.016350629962270224,SAMME,0.1,451,"{'algorithm': 'SAMME', 'learning_rate': 0.1, 'n_estimators': 451}",1.0,1.0,0.9999999999999999,0.9990749306197966,1.0,0.9998149861239594,0.0003700277520813589,28,1.0,1.0,1.0,0.967719547006474,1.0,0.9935439094012949,0.0129121811974104,12
70,0.011122179031372071,0.004015873354631134,0.01289505958557129,0.0038401194168659366,SAMME,1.0,1,"{'algorithm': 'SAMME', 'learning_rate': 1.0, 'n_estimators': 1}",0.9042553191489362,0.9680851063829787,0.9361702127659575,0.8825161887141536,0.9782608695652174,0.9338575393154487,0.0364986472721189,104,0.904244482173175,0.9680525659907103,0.9361413043478262,0.8811436575619,0.9784796893667861,0.9336123398880796,0.03693517991371316,66
71,0.18915576934814454,0.009661086952467961,0.039876699447631836,0.00034219756120287863,SAMME,1.0,51,"{'algorithm': 'SAMME', 'learning_rate': 1.0, 'n_estimators': 51}",1.0,1.0,1.0,0.9986123959296948,1.0,0.9997224791859389,0.0005550416281220993,33,1.0,1.0,1.0,0.967719547006474,1.0,0.9935439094012949,0.0129121811974104,12
72,0.41216096878051756,0.013919978921944645,0.06442699432373047,0.0008695651967542762,SAMME,1.0,101,"{'algorithm': 'SAMME', 'learning_rate': 1.0, 'n_estimators': 101}",1.0,1.0,0.9995473064735174,1.0,1.0,0.9999094612947035,0.0001810774105930335,17,1.0,1.0,0.9893604980192416,0.967719547006474,1.0,0.9914160090051432,0.012544338490864181,25
73,0.5907600879669189,0.02652275928214276,0.08188743591308593,0.005866486081346717,SAMME,1.0,151,"{'algorithm': 'SAMME', 'learning_rate': 1.0, 'n_estimators': 151}",1.0,1.0,0.9995473064735174,1.0,1.0,0.9999094612947035,0.0001810774105930335,17,1.0,1.0,0.9787234042553191,0.967719547006474,1.0,0.9892885902523586,0.013572396089419736,32
74,0.8054616451263428,0.023833616612382542,0.10410761833190918,0.005267765222816828,SAMME,1.0,201,"{'algorithm': 'SAMME', 'learning_rate': 1.0, 'n_estimators': 201}",1.0,1.0,0.9990946129470348,1.0,0.9999999999999999,0.999818922589407,0.00036215482118605595,24,1.0,0.9893604980192416,0.9787234042553191,0.967719547006474,1.0,0.9871606898562071,0.01251943089366158,34
75,1.029691743850708,0.032389304780074846,0.12354207038879395,0.0035445311380662738,SAMME,1.0,251,"{'algorithm': 'SAMME', 'learning_rate': 1.0, 'n_estimators': 251}",1.0,1.0,0.9990946129470348,1.0,1.0,0.999818922589407,0.000362154821186067,24,1.0,0.9893604980192416,0.9893604980192416,0.967719547006474,1.0,0.9892881086089915,0.011787303036747201,33
76,1.1507391929626465,0.10031604544596856,0.1524505615234375,0.0052273261930405705,SAMME,1.0,301,"{'algorithm': 'SAMME', 'learning_rate': 1.0, 'n_estimators': 301}",1.0,1.0,0.9990946129470348,1.0,0.9999999999999999,0.999818922589407,0.00036215482118605595,24,1.0,0.9893604980192416,0.9787234042553191,0.9784896501646225,1.0,0.9893147104878366,0.00956776482913034,27
77,1.4007994651794433,0.027386717837621078,0.17215805053710936,0.018891596344820523,SAMME,1.0,351,"{'algorithm': 'SAMME', 'learning_rate': 1.0, 'n_estimators': 351}",1.0,0.9995473064735174,0.9990946129470348,1.0,0.9999999999999999,0.9997283838841104,0.00036215482118605037,31,1.0,0.9893604980192416,0.9787234042553191,0.9784896501646225,1.0,0.9893147104878366,0.00956776482913034,27
78,1.5629307746887207,0.033469362167281934,0.1934680938720703,0.012591139203567695,SAMME,1.0,401,"{'algorithm': 'SAMME', 'learning_rate': 1.0, 'n_estimators': 401}",1.0,1.0,0.9990946129470348,1.0,0.9999999999999999,0.999818922589407,0.00036215482118605595,24,1.0,0.9893604980192416,0.9787234042553191,0.9784896501646225,1.0,0.9893147104878366,0.00956776482913034,27
79,1.7626202583312989,0.0224611101085369,0.21210355758666993,0.018768006366522014,SAMME,1.0,451,"{'algorithm': 'SAMME', 'learning_rate': 1.0, 'n_estimators': 451}",1.0,0.9995473064735175,0.9990946129470348,1.0,1.0,0.9997283838841104,0.0003621548211860559,31,1.0,0.9893604980192416,0.9787234042553191,0.9784896501646225,1.0,0.9893147104878366,0.00956776482913034,27
80,0.01412978172302246,0.005936587281102783,0.017729520797729492,0.003408221202670423,SAMME,10,1,"{'algorithm': 'SAMME', 'learning_rate': 10, 'n_estimators': 1}",0.9042553191489362,0.9680851063829787,0.9361702127659575,0.8825161887141536,0.9782608695652174,0.9338575393154487,0.0364986472721189,104,0.904244482173175,0.9680525659907103,0.9361413043478262,0.8811436575619,0.9784796893667861,0.9336123398880796,0.03693517991371316,66
81,0.03097505569458008,0.005468232430406639,0.015337944030761719,0.001388440268644887,SAMME,10,51,"{'algorithm': 'SAMME', 'learning_rate': 10, 'n_estimators': 51}",0.9137618832050701,0.9680851063829787,0.9352648257129923,0.8815911193339502,0.9782608695652174,0.9353927608400416,0.035409015987960236,95,0.914855072463768,0.9680525659907103,0.9147392290249434,0.8590427164158541,0.9784796893667861,0.9270338546524124,0.04301507648007641,185
82,0.025915765762329103,0.00604624592636167,0.016034793853759766,2.9005812673015475e-05,SAMME,10,101,"{'algorithm': 'SAMME', 'learning_rate': 10, 'n_estimators': 101}",0.9137618832050701,0.9680851063829787,0.9352648257129923,0.8815911193339502,0.9782608695652174,0.9353927608400416,0.035409015987960236,95,0.914855072463768,0.9680525659907103,0.9147392290249434,0.8590427164158541,0.9784796893667861,0.9270338546524124,0.04301507648007641,185
83,0.029224205017089843,0.00803360042321777,0.015751457214355467,0.00023716873635350275,SAMME,10,151,"{'algorithm': 'SAMME', 'learning_rate': 10, 'n_estimators': 151}",0.9137618832050701,0.9680851063829787,0.9352648257129923,0.8815911193339502,0.9782608695652174,0.9353927608400416,0.035409015987960236,95,0.914855072463768,0.9680525659907103,0.9147392290249434,0.8590427164158541,0.9784796893667861,0.9270338546524124,0.04301507648007641,185
84,0.02718343734741211,0.008202569145403222,0.016019868850708007,1.7661265609237735e-05,SAMME,10,201,"{'algorithm': 'SAMME', 'learning_rate': 10, 'n_estimators': 201}",0.9137618832050701,0.9680851063829787,0.9352648257129923,0.8815911193339502,0.9782608695652174,0.9353927608400416,0.035409015987960236,95,0.914855072463768,0.9680525659907103,0.9147392290249434,0.8590427164158541,0.9784796893667861,0.9270338546524124,0.04301507648007641,185
85,0.022444725036621094,0.003193150805276631,0.016291093826293946,0.00021708125664559675,SAMME,10,251,"{'algorithm': 'SAMME', 'learning_rate': 10, 'n_estimators': 251}",0.9137618832050701,0.9680851063829787,0.9352648257129923,0.8815911193339502,0.9782608695652174,0.9353927608400416,0.035409015987960236,95,0.914855072463768,0.9680525659907103,0.9147392290249434,0.8590427164158541,0.9784796893667861,0.9270338546524124,0.04301507648007641,185
86,0.024203681945800783,0.004944673945350448,0.016008424758911132,1.5443488696516208e-05,SAMME,10,301,"{'algorithm': 'SAMME', 'learning_rate': 10, 'n_estimators': 301}",0.9137618832050701,0.9680851063829787,0.9352648257129923,0.8815911193339502,0.9782608695652174,0.9353927608400416,0.035409015987960236,95,0.914855072463768,0.9680525659907103,0.9147392290249434,0.8590427164158541,0.9784796893667861,0.9270338546524124,0.04301507648007641,185
87,0.019242238998413087,0.003912922223252498,0.017934274673461915,0.003055438275073493,SAMME,10,351,"{'algorithm': 'SAMME', 'learning_rate': 10, 'n_estimators': 351}",0.9137618832050701,0.9680851063829787,0.9352648257129923,0.8815911193339502,0.9782608695652174,0.9353927608400416,0.035409015987960236,95,0.914855072463768,0.9680525659907103,0.9147392290249434,0.8590427164158541,0.9784796893667861,0.9270338546524124,0.04301507648007641,185
88,0.022919940948486327,0.0030539478267079378,0.016872167587280273,0.0005780652638472022,SAMME,10,401,"{'algorithm': 'SAMME', 'learning_rate': 10, 'n_estimators': 401}",0.9137618832050701,0.9680851063829787,0.9352648257129923,0.8815911193339502,0.9782608695652174,0.9353927608400416,0.035409015987960236,95,0.914855072463768,0.9680525659907103,0.9147392290249434,0.8590427164158541,0.9784796893667861,0.9270338546524124,0.04301507648007641,185
89,0.023063135147094727,0.005939504543214381,0.015252113342285156,0.0009820861870748882,SAMME,10,451,"{'algorithm': 'SAMME', 'learning_rate': 10, 'n_estimators': 451}",0.9137618832050701,0.9680851063829787,0.9352648257129923,0.8815911193339502,0.9782608695652174,0.9353927608400416,0.035409015987960236,95,0.914855072463768,0.9680525659907103,0.9147392290249434,0.8590427164158541,0.9784796893667861,0.9270338546524124,0.04301507648007641,185
90,0.015941095352172852,0.004916115681599772,0.009523773193359375,0.003012620004755013,SAMME,100,1,"{'algorithm': 'SAMME', 'learning_rate': 100, 'n_estimators': 1}",0.9042553191489362,0.9680851063829787,0.9361702127659575,0.8825161887141536,0.9782608695652174,0.9338575393154487,0.0364986472721189,104,0.904244482173175,0.9680525659907103,0.9361413043478262,0.8811436575619,0.9784796893667861,0.9336123398880796,0.03693517991371316,66
91,0.020806312561035156,0.006410184279052438,0.01599874496459961,3.476662852012288e-06,SAMME,100,51,"{'algorithm': 'SAMME', 'learning_rate': 100, 'n_estimators': 51}",0.08397464916251697,0.031914893617021274,0.10547759167043907,0.15911193339500462,0.021739130434782594,0.08044363965595291,0.050257588116467265,212,0.08469202898550725,0.03092783505154639,0.08344671201814058,0.13255624830577395,0.020826259196378042,0.07048981671146924,0.04062867272808755,212
92,0.019765472412109374,0.004093332224670296,0.015615034103393554,0.0005967019177283085,SAMME,100,101,"{'algorithm': 'SAMME', 'learning_rate': 100, 'n_estimators': 101}",0.08397464916251697,0.031914893617021274,0.10547759167043907,0.15911193339500462,0.021739130434782594,0.08044363965595291,0.050257588116467265,212,0.08469202898550725,0.03092783505154639,0.08344671201814058,0.13255624830577395,0.020826259196378042,0.07048981671146924,0.04062867272808755,212
93,0.01844654083251953,0.0063575965744372435,0.01418914794921875,0.00312371433575484,SAMME,100,151,"{'algorithm': 'SAMME', 'learning_rate': 100, 'n_estimators': 151}",0.08397464916251697,0.031914893617021274,0.10547759167043907,0.15911193339500462,0.021739130434782594,0.08044363965595291,0.050257588116467265,212,0.08469202898550725,0.03092783505154639,0.08344671201814058,0.13255624830577395,0.020826259196378042,0.07048981671146924,0.04062867272808755,212
94,0.017597436904907227,0.0032022001968581362,0.01635599136352539,0.0006702838042457143,SAMME,100,201,"{'algorithm': 'SAMME', 'learning_rate': 100, 'n_estimators': 201}",0.08397464916251697,0.031914893617021274,0.10547759167043907,0.15911193339500462,0.021739130434782594,0.08044363965595291,0.050257588116467265,212,0.08469202898550725,0.03092783505154639,0.08344671201814058,0.13255624830577395,0.020826259196378042,0.07048981671146924,0.04062867272808755,212
95,0.022039222717285156,0.003049350259734602,0.016933107376098634,0.004616689995977935,SAMME,100,251,"{'algorithm': 'SAMME', 'learning_rate': 100, 'n_estimators': 251}",0.08397464916251697,0.031914893617021274,0.10547759167043907,0.15911193339500462,0.021739130434782594,0.08044363965595291,0.050257588116467265,212,0.08469202898550725,0.03092783505154639,0.08344671201814058,0.13255624830577395,0.020826259196378042,0.07048981671146924,0.04062867272808755,212
96,0.02375025749206543,0.005208218860792388,0.014124107360839844,0.0031146323257355635,SAMME,100,301,"{'algorithm': 'SAMME', 'learning_rate': 100, 'n_estimators': 301}",0.08397464916251697,0.031914893617021274,0.10547759167043907,0.15911193339500462,0.021739130434782594,0.08044363965595291,0.050257588116467265,212,0.08469202898550725,0.03092783505154639,0.08344671201814058,0.13255624830577395,0.020826259196378042,0.07048981671146924,0.04062867272808755,212
97,0.020813941955566406,0.003916065397302637,0.01655278205871582,0.0002781374671490943,SAMME,100,351,"{'algorithm': 'SAMME', 'learning_rate': 100, 'n_estimators': 351}",0.08397464916251697,0.031914893617021274,0.10547759167043907,0.15911193339500462,0.021739130434782594,0.08044363965595291,0.050257588116467265,212,0.08469202898550725,0.03092783505154639,0.08344671201814058,0.13255624830577395,0.020826259196378042,0.07048981671146924,0.04062867272808755,212
98,0.018899154663085938,0.0040968252329389495,0.01602182388305664,1.1730194091796876e-05,SAMME,100,401,"{'algorithm': 'SAMME', 'learning_rate': 100, 'n_estimators': 401}",0.08397464916251697,0.031914893617021274,0.10547759167043907,0.15911193339500462,0.021739130434782594,0.08044363965595291,0.050257588116467265,212,0.08469202898550725,0.03092783505154639,0.08344671201814058,0.13255624830577395,0.020826259196378042,0.07048981671146924,0.04062867272808755,212
99,0.01922616958618164,0.003932634826055052,0.014345216751098632,0.0030192446763569413,SAMME,100,451,"{'algorithm': 'SAMME', 'learning_rate': 100, 'n_estimators': 451}",0.08397464916251697,0.031914893617021274,0.10547759167043907,0.15911193339500462,0.021739130434782594,0.08044363965595291,0.050257588116467265,212,0.08469202898550725,0.03092783505154639,0.08344671201814058,0.13255624830577395,0.020826259196378042,0.07048981671146924,0.04062867272808755,212
100,0.012819671630859375,0.004129097468059896,0.014691400527954101,0.002945762903854017,SAMME,1000,1,"{'algorithm': 'SAMME', 'learning_rate': 1000, 'n_estimators': 1}",0.9042553191489362,0.9680851063829787,0.9361702127659575,0.8825161887141536,0.9782608695652174,0.9338575393154487,0.0364986472721189,104,0.904244482173175,0.9680525659907103,0.9361413043478262,0.8811436575619,0.9784796893667861,0.9336123398880796,0.03693517991371316,66
101,0.016146039962768553,0.00016683799654527336,0.01593489646911621,0.00036544475648553316,SAMME,1000,51,"{'algorithm': 'SAMME', 'learning_rate': 1000, 'n_estimators': 51}",0.9042553191489362,0.9680851063829787,0.9361702127659575,0.8825161887141536,0.9782608695652174,0.9338575393154487,0.0364986472721189,104,0.904244482173175,0.9680525659907103,0.9361413043478262,0.8811436575619,0.9784796893667861,0.9336123398880796,0.03693517991371316,66
102,0.017501449584960936,0.0034308119083843037,0.014413070678710938,0.00320518229198921,SAMME,1000,101,"{'algorithm': 'SAMME', 'learning_rate': 1000, 'n_estimators': 101}",0.9042553191489362,0.9680851063829787,0.9361702127659575,0.8825161887141536,0.9782608695652174,0.9338575393154487,0.0364986472721189,104,0.904244482173175,0.9680525659907103,0.9361413043478262,0.8811436575619,0.9784796893667861,0.9336123398880796,0.03693517991371316,66
103,0.012832403182983398,0.006160245174965022,0.0143218994140625,0.0031669874408206847,SAMME,1000,151,"{'algorithm': 'SAMME', 'learning_rate': 1000, 'n_estimators': 151}",0.9042553191489362,0.9680851063829787,0.9361702127659575,0.8825161887141536,0.9782608695652174,0.9338575393154487,0.0364986472721189,104,0.904244482173175,0.9680525659907103,0.9361413043478262,0.8811436575619,0.9784796893667861,0.9336123398880796,0.03693517991371316,66
104,0.019300413131713868,0.0039599233603046895,0.013278388977050781,0.003975888491483053,SAMME,1000,201,"{'algorithm': 'SAMME', 'learning_rate': 1000, 'n_estimators': 201}",0.9042553191489362,0.9680851063829787,0.9361702127659575,0.8825161887141536,0.9782608695652174,0.9338575393154487,0.0364986472721189,104,0.904244482173175,0.9680525659907103,0.9361413043478262,0.8811436575619,0.9784796893667861,0.9336123398880796,0.03693517991371316,66
105,0.013154172897338867,0.004209005792274722,0.01616048812866211,0.0005089622992123077,SAMME,1000,251,"{'algorithm': 'SAMME', 'learning_rate': 1000, 'n_estimators': 251}",0.9042553191489362,0.9680851063829787,0.9361702127659575,0.8825161887141536,0.9782608695652174,0.9338575393154487,0.0364986472721189,104,0.904244482173175,0.9680525659907103,0.9361413043478262,0.8811436575619,0.9784796893667861,0.9336123398880796,0.03693517991371316,66
106,0.011545372009277344,0.0037554881005704066,0.01653904914855957,0.0004972801738010308,SAMME,1000,301,"{'algorithm': 'SAMME', 'learning_rate': 1000, 'n_estimators': 301}",0.9042553191489362,0.9680851063829787,0.9361702127659575,0.8825161887141536,0.9782608695652174,0.9338575393154487,0.0364986472721189,104,0.904244482173175,0.9680525659907103,0.9361413043478262,0.8811436575619,0.9784796893667861,0.9336123398880796,0.03693517991371316,66
107,0.014603948593139649,0.003005754234106678,0.01648259162902832,0.00040971226620187896,SAMME,1000,351,"{'algorithm': 'SAMME', 'learning_rate': 1000, 'n_estimators': 351}",0.9042553191489362,0.9680851063829787,0.9361702127659575,0.8825161887141536,0.9782608695652174,0.9338575393154487,0.0364986472721189,104,0.904244482173175,0.9680525659907103,0.9361413043478262,0.8811436575619,0.9784796893667861,0.9336123398880796,0.03693517991371316,66
108,0.014576435089111328,0.00304966257111786,0.014516830444335938,0.006045362446846896,SAMME,1000,401,"{'algorithm': 'SAMME', 'learning_rate': 1000, 'n_estimators': 401}",0.9042553191489362,0.9680851063829787,0.9361702127659575,0.8825161887141536,0.9782608695652174,0.9338575393154487,0.0364986472721189,104,0.904244482173175,0.9680525659907103,0.9361413043478262,0.8811436575619,0.9784796893667861,0.9336123398880796,0.03693517991371316,66
109,0.014327383041381836,0.006122015475350127,0.013482379913330077,0.00458684223995633,SAMME,1000,451,"{'algorithm': 'SAMME', 'learning_rate': 1000, 'n_estimators': 451}",0.9042553191489362,0.9680851063829787,0.9361702127659575,0.8825161887141536,0.9782608695652174,0.9338575393154487,0.0364986472721189,104,0.904244482173175,0.9680525659907103,0.9361413043478262,0.8811436575619,0.9784796893667861,0.9336123398880796,0.03693517991371316,66
110,0.012822532653808593,0.0037937896624593696,0.01442112922668457,0.0032120518911643594,SAMME.R,1e-07,1,"{'algorithm': 'SAMME.R', 'learning_rate': 1e-07, 'n_estimators': 1}",0.9042553191489362,0.9680851063829787,0.9361702127659575,0.8825161887141536,0.9782608695652174,0.9338575393154487,0.0364986472721189,104,0.904244482173175,0.9680525659907103,0.9361413043478262,0.8811436575619,0.9784796893667861,0.9336123398880796,0.03693517991371316,66
111,0.22540769577026368,0.00718015389677649,0.054358482360839844,0.003103563692655688,SAMME.R,1e-07,51,"{'algorithm': 'SAMME.R', 'learning_rate': 1e-07, 'n_estimators': 51}",0.9042553191489362,0.9680851063829787,0.9361702127659575,0.8825161887141536,0.9782608695652174,0.9338575393154487,0.0364986472721189,104,0.904244482173175,0.9680525659907103,0.9361413043478262,0.8811436575619,0.9784796893667861,0.9336123398880796,0.03693517991371316,66
112,0.4425517559051514,0.014094993140833172,0.0896225929260254,0.0023523634301452273,SAMME.R,1e-07,101,"{'algorithm': 'SAMME.R', 'learning_rate': 1e-07, 'n_estimators': 101}",0.9042553191489362,0.9680851063829787,0.9361702127659575,0.8825161887141536,0.9782608695652174,0.9338575393154487,0.0364986472721189,104,0.904244482173175,0.9680525659907103,0.9361413043478262,0.8811436575619,0.9784796893667861,0.9336123398880796,0.03693517991371316,66
113,0.6617270946502686,0.023307094937708574,0.12857723236083984,0.005505589476095876,SAMME.R,1e-07,151,"{'algorithm': 'SAMME.R', 'learning_rate': 1e-07, 'n_estimators': 151}",0.9042553191489362,0.9680851063829787,0.9361702127659575,0.8825161887141536,0.9782608695652174,0.9338575393154487,0.0364986472721189,104,0.904244482173175,0.9680525659907103,0.9361413043478262,0.8811436575619,0.9784796893667861,0.9336123398880796,0.03693517991371316,66
114,0.8658583164215088,0.035635690435871496,0.16560759544372558,0.010999612806991408,SAMME.R,1e-07,201,"{'algorithm': 'SAMME.R', 'learning_rate': 1e-07, 'n_estimators': 201}",0.9042553191489362,0.9680851063829787,0.9361702127659575,0.8825161887141536,0.9782608695652174,0.9338575393154487,0.0364986472721189,104,0.904244482173175,0.9680525659907103,0.9361413043478262,0.8811436575619,0.9784796893667861,0.9336123398880796,0.03693517991371316,66
115,1.0640192985534669,0.05142279283906626,0.19924230575561525,0.011700995821622408,SAMME.R,1e-07,251,"{'algorithm': 'SAMME.R', 'learning_rate': 1e-07, 'n_estimators': 251}",0.9042553191489362,0.9680851063829787,0.9361702127659575,0.8825161887141536,0.9782608695652174,0.9338575393154487,0.0364986472721189,104,0.904244482173175,0.9680525659907103,0.9361413043478262,0.8811436575619,0.9784796893667861,0.9336123398880796,0.03693517991371316,66
116,1.3083866596221925,0.026586191282302354,0.2412562847137451,0.02089192177568545,SAMME.R,1e-07,301,"{'algorithm': 'SAMME.R', 'learning_rate': 1e-07, 'n_estimators': 301}",0.9042553191489362,0.9680851063829787,0.9361702127659575,0.8825161887141536,0.9782608695652174,0.9338575393154487,0.0364986472721189,104,0.904244482173175,0.9680525659907103,0.9361413043478262,0.8811436575619,0.9784796893667861,0.9336123398880796,0.03693517991371316,66
117,1.5373785018920898,0.06270953597591447,0.2696326732635498,0.01574355497920785,SAMME.R,1e-07,351,"{'algorithm': 'SAMME.R', 'learning_rate': 1e-07, 'n_estimators': 351}",0.9042553191489362,0.9680851063829787,0.9361702127659575,0.8825161887141536,0.9782608695652174,0.9338575393154487,0.0364986472721189,104,0.904244482173175,0.9680525659907103,0.9361413043478262,0.8811436575619,0.9784796893667861,0.9336123398880796,0.03693517991371316,66
118,1.7678978443145752,0.0596297028784353,0.3094906806945801,0.005027916478163628,SAMME.R,1e-07,401,"{'algorithm': 'SAMME.R', 'learning_rate': 1e-07, 'n_estimators': 401}",0.9042553191489362,0.9680851063829787,0.9361702127659575,0.8825161887141536,0.9782608695652174,0.9338575393154487,0.0364986472721189,104,0.904244482173175,0.9680525659907103,0.9361413043478262,0.8811436575619,0.9784796893667861,0.9336123398880796,0.03693517991371316,66
119,1.9789478778839111,0.04431174709161452,0.3647318363189697,0.011306241316999414,SAMME.R,1e-07,451,"{'algorithm': 'SAMME.R', 'learning_rate': 1e-07, 'n_estimators': 451}",0.9042553191489362,0.9680851063829787,0.9361702127659575,0.8825161887141536,0.9782608695652174,0.9338575393154487,0.0364986472721189,104,0.904244482173175,0.9680525659907103,0.9361413043478262,0.8811436575619,0.9784796893667861,0.9336123398880796,0.03693517991371316,66
120,0.011217451095581055,0.004132631293529743,0.014330434799194335,0.0031509705929096605,SAMME.R,1e-06,1,"{'algorithm': 'SAMME.R', 'learning_rate': 1e-06, 'n_estimators': 1}",0.9042553191489362,0.9680851063829787,0.9361702127659575,0.8825161887141536,0.9782608695652174,0.9338575393154487,0.0364986472721189,104,0.904244482173175,0.9680525659907103,0.9361413043478262,0.8811436575619,0.9784796893667861,0.9336123398880796,0.03693517991371316,66
121,0.21217575073242187,0.013219817277577654,0.055978584289550784,0.005112284766800438,SAMME.R,1e-06,51,"{'algorithm': 'SAMME.R', 'learning_rate': 1e-06, 'n_estimators': 51}",0.9042553191489362,0.9680851063829787,0.9361702127659575,0.8825161887141536,0.9782608695652174,0.9338575393154487,0.0364986472721189,104,0.904244482173175,0.9680525659907103,0.9361413043478262,0.8811436575619,0.9784796893667861,0.9336123398880796,0.03693517991371316,66
122,0.43990411758422854,0.026799969542195715,0.09109148979187012,0.0037151475665563646,SAMME.R,1e-06,101,"{'algorithm': 'SAMME.R', 'learning_rate': 1e-06, 'n_estimators': 101}",0.9042553191489362,0.9680851063829787,0.9361702127659575,0.8825161887141536,0.9782608695652174,0.9338575393154487,0.0364986472721189,104,0.904244482173175,0.9680525659907103,0.9361413043478262,0.8811436575619,0.9784796893667861,0.9336123398880796,0.03693517991371316,66
123,0.6294016361236572,0.03298510950050315,0.12850093841552734,0.008716895856406236,SAMME.R,1e-06,151,"{'algorithm': 'SAMME.R', 'learning_rate': 1e-06, 'n_estimators': 151}",0.9042553191489362,0.9680851063829787,0.9361702127659575,0.8825161887141536,0.9782608695652174,0.9338575393154487,0.0364986472721189,104,0.904244482173175,0.9680525659907103,0.9361413043478262,0.8811436575619,0.9784796893667861,0.9336123398880796,0.03693517991371316,66
124,0.9004026889801026,0.02393937845045446,0.16522603034973143,0.009774244521768442,SAMME.R,1e-06,201,"{'algorithm': 'SAMME.R', 'learning_rate': 1e-06, 'n_estimators': 201}",0.9042553191489362,0.9680851063829787,0.9361702127659575,0.8825161887141536,0.9782608695652174,0.9338575393154487,0.0364986472721189,104,0.904244482173175,0.9680525659907103,0.9361413043478262,0.8811436575619,0.9784796893667861,0.9336123398880796,0.03693517991371316,66
125,1.084834337234497,0.0366544904739213,0.20531659126281737,0.00964403987950174,SAMME.R,1e-06,251,"{'algorithm': 'SAMME.R', 'learning_rate': 1e-06, 'n_estimators': 251}",0.9042553191489362,0.9680851063829787,0.9361702127659575,0.8825161887141536,0.9782608695652174,0.9338575393154487,0.0364986472721189,104,0.904244482173175,0.9680525659907103,0.9361413043478262,0.8811436575619,0.9784796893667861,0.9336123398880796,0.03693517991371316,66
126,1.3042324542999268,0.07647445860876735,0.23603110313415526,0.010538570658337415,SAMME.R,1e-06,301,"{'algorithm': 'SAMME.R', 'learning_rate': 1e-06, 'n_estimators': 301}",0.9042553191489362,0.9680851063829787,0.9361702127659575,0.8825161887141536,0.9782608695652174,0.9338575393154487,0.0364986472721189,104,0.904244482173175,0.9680525659907103,0.9361413043478262,0.8811436575619,0.9784796893667861,0.9336123398880796,0.03693517991371316,66
127,1.5043222427368164,0.05234155688378034,0.2690474510192871,0.008674909278972898,SAMME.R,1e-06,351,"{'algorithm': 'SAMME.R', 'learning_rate': 1e-06, 'n_estimators': 351}",0.9042553191489362,0.9680851063829787,0.9361702127659575,0.8825161887141536,0.9782608695652174,0.9338575393154487,0.0364986472721189,104,0.904244482173175,0.9680525659907103,0.9361413043478262,0.8811436575619,0.9784796893667861,0.9336123398880796,0.03693517991371316,66
128,1.7320677280426025,0.045426259179397986,0.3150491237640381,0.004984195994267991,SAMME.R,1e-06,401,"{'algorithm': 'SAMME.R', 'learning_rate': 1e-06, 'n_estimators': 401}",0.9042553191489362,0.9680851063829787,0.9361702127659575,0.8825161887141536,0.9782608695652174,0.9338575393154487,0.0364986472721189,104,0.904244482173175,0.9680525659907103,0.9361413043478262,0.8811436575619,0.9784796893667861,0.9336123398880796,0.03693517991371316,66
129,1.935285997390747,0.08406985848308365,0.3510399341583252,0.013157377706344255,SAMME.R,1e-06,451,"{'algorithm': 'SAMME.R', 'learning_rate': 1e-06, 'n_estimators': 451}",0.9042553191489362,0.9680851063829787,0.9361702127659575,0.8825161887141536,0.9782608695652174,0.9338575393154487,0.0364986472721189,104,0.904244482173175,0.9680525659907103,0.9361413043478262,0.8811436575619,0.9784796893667861,0.9336123398880796,0.03693517991371316,66
130,0.012732601165771485,0.006141607432754439,0.014541435241699218,0.003265882093182768,SAMME.R,1e-05,1,"{'algorithm': 'SAMME.R', 'learning_rate': 1e-05, 'n_estimators': 1}",0.9042553191489362,0.9680851063829787,0.9361702127659575,0.8825161887141536,0.9782608695652174,0.9338575393154487,0.0364986472721189,104,0.904244482173175,0.9680525659907103,0.9361413043478262,0.8811436575619,0.9784796893667861,0.9336123398880796,0.03693517991371316,66
131,0.23140082359313965,0.012131493119207488,0.05463862419128418,0.005728942420483431,SAMME.R,1e-05,51,"{'algorithm': 'SAMME.R', 'learning_rate': 1e-05, 'n_estimators': 51}",0.9042553191489362,0.9680851063829787,0.9361702127659575,0.8825161887141536,0.9782608695652174,0.9338575393154487,0.0364986472721189,104,0.904244482173175,0.9680525659907103,0.9361413043478262,0.8811436575619,0.9784796893667861,0.9336123398880796,0.03693517991371316,66
132,0.4497596263885498,0.02651268491891923,0.0900838851928711,0.0032495132008050483,SAMME.R,1e-05,101,"{'algorithm': 'SAMME.R', 'learning_rate': 1e-05, 'n_estimators': 101}",0.9042553191489362,0.9680851063829787,0.9361702127659575,0.8825161887141536,0.9782608695652174,0.9338575393154487,0.0364986472721189,104,0.904244482173175,0.9680525659907103,0.9361413043478262,0.8811436575619,0.9784796893667861,0.9336123398880796,0.03693517991371316,66
133,0.6335346221923828,0.029023168253090825,0.1218522071838379,0.005878354639013447,SAMME.R,1e-05,151,"{'algorithm': 'SAMME.R', 'learning_rate': 1e-05, 'n_estimators': 151}",0.9042553191489362,0.9680851063829787,0.9361702127659575,0.8825161887141536,0.9782608695652174,0.9338575393154487,0.0364986472721189,104,0.904244482173175,0.9680525659907103,0.9361413043478262,0.8811436575619,0.9784796893667861,0.9336123398880796,0.03693517991371316,66
134,0.869776439666748,0.03021336631436677,0.16678328514099122,0.006222809207096883,SAMME.R,1e-05,201,"{'algorithm': 'SAMME.R', 'learning_rate': 1e-05, 'n_estimators': 201}",0.9042553191489362,0.9680851063829787,0.9361702127659575,0.8825161887141536,0.9782608695652174,0.9338575393154487,0.0364986472721189,104,0.904244482173175,0.9680525659907103,0.9361413043478262,0.8811436575619,0.9784796893667861,0.9336123398880796,0.03693517991371316,66
135,1.0862606048583985,0.04548687710242972,0.19422130584716796,0.007394095945786363,SAMME.R,1e-05,251,"{'algorithm': 'SAMME.R', 'learning_rate': 1e-05, 'n_estimators': 251}",0.9042553191489362,0.9680851063829787,0.9361702127659575,0.8825161887141536,0.9782608695652174,0.9338575393154487,0.0364986472721189,104,0.904244482173175,0.9680525659907103,0.9361413043478262,0.8811436575619,0.9784796893667861,0.9336123398880796,0.03693517991371316,66
136,1.256690263748169,0.08022485202010157,0.24209151268005372,0.02112322600078145,SAMME.R,1e-05,301,"{'algorithm': 'SAMME.R', 'learning_rate': 1e-05, 'n_estimators': 301}",0.9042553191489362,0.9680851063829787,0.9361702127659575,0.8825161887141536,0.9782608695652174,0.9338575393154487,0.0364986472721189,104,0.904244482173175,0.9680525659907103,0.9361413043478262,0.8811436575619,0.9784796893667861,0.9336123398880796,0.03693517991371316,66
137,1.5281354904174804,0.051874951549074066,0.2809322357177734,0.023457220001410387,SAMME.R,1e-05,351,"{'algorithm': 'SAMME.R', 'learning_rate': 1e-05, 'n_estimators': 351}",0.9042553191489362,0.9680851063829787,0.9361702127659575,0.8825161887141536,0.9782608695652174,0.9338575393154487,0.0364986472721189,104,0.904244482173175,0.9680525659907103,0.9361413043478262,0.8811436575619,0.9784796893667861,0.9336123398880796,0.03693517991371316,66
138,1.7493549823760985,0.029144406952926756,0.30742392539978025,0.027075134386887415,SAMME.R,1e-05,401,"{'algorithm': 'SAMME.R', 'learning_rate': 1e-05, 'n_estimators': 401}",0.9042553191489362,0.9680851063829787,0.9361702127659575,0.8924606845513413,0.9782608695652174,0.9358464384828862,0.0338193523497334,76,0.904244482173175,0.9680525659907103,0.9361413043478262,0.8811436575619,0.9784796893667861,0.9336123398880796,0.03693517991371316,66
139,1.9466087341308593,0.1065867608585234,0.35326223373413085,0.015276067201593404,SAMME.R,1e-05,451,"{'algorithm': 'SAMME.R', 'learning_rate': 1e-05, 'n_estimators': 451}",0.9042553191489362,0.9680851063829787,0.9361702127659575,0.8924606845513413,0.9782608695652174,0.9358464384828862,0.0338193523497334,76,0.904244482173175,0.9680525659907103,0.9361413043478262,0.8811436575619,0.9784796893667861,0.9336123398880796,0.03693517991371316,66
140,0.009627389907836913,0.003217295012844189,0.01584591865539551,0.00023931718283998196,SAMME.R,0.0001,1,"{'algorithm': 'SAMME.R', 'learning_rate': 0.0001, 'n_estimators': 1}",0.9042553191489362,0.9680851063829787,0.9361702127659575,0.8825161887141536,0.9782608695652174,0.9338575393154487,0.0364986472721189,104,0.904244482173175,0.9680525659907103,0.9361413043478262,0.8811436575619,0.9784796893667861,0.9336123398880796,0.03693517991371316,66
141,0.2178023338317871,0.014573316720665497,0.05658822059631348,0.005141232742472072,SAMME.R,0.0001,51,"{'algorithm': 'SAMME.R', 'learning_rate': 0.0001, 'n_estimators': 51}",0.9042553191489362,0.9680851063829787,0.9361702127659575,0.8924606845513413,0.9782608695652174,0.9358464384828862,0.0338193523497334,76,0.904244482173175,0.9680525659907103,0.9361413043478262,0.8811436575619,0.9784796893667861,0.9336123398880796,0.03693517991371316,66
142,0.4192963600158691,0.01527800778300301,0.09454836845397949,0.009149265491846996,SAMME.R,0.0001,101,"{'algorithm': 'SAMME.R', 'learning_rate': 0.0001, 'n_estimators': 101}",0.9042553191489362,0.9680851063829787,0.9361702127659575,0.8924606845513413,0.9782608695652174,0.9358464384828862,0.0338193523497334,76,0.904244482173175,0.9680525659907103,0.9361413043478262,0.8811436575619,0.9784796893667861,0.9336123398880796,0.03693517991371316,66
143,0.6532035350799561,0.026707763413844288,0.12628026008605958,0.006692308706795663,SAMME.R,0.0001,151,"{'algorithm': 'SAMME.R', 'learning_rate': 0.0001, 'n_estimators': 151}",0.9042553191489362,0.9680851063829787,0.9361702127659575,0.8924606845513413,0.9782608695652174,0.9358464384828862,0.0338193523497334,76,0.904244482173175,0.9680525659907103,0.9361413043478262,0.8811436575619,0.9784796893667861,0.9336123398880796,0.03693517991371316,66
144,0.8826181888580322,0.030475746276388917,0.16035923957824708,0.0047755615663323545,SAMME.R,0.0001,201,"{'algorithm': 'SAMME.R', 'learning_rate': 0.0001, 'n_estimators': 201}",0.9042553191489362,0.9680851063829787,0.9361702127659575,0.8924606845513413,0.9782608695652174,0.9358464384828862,0.0338193523497334,76,0.904244482173175,0.9680525659907103,0.9361413043478262,0.8811436575619,0.9784796893667861,0.9336123398880796,0.03693517991371316,66
145,1.0591955184936523,0.03000236928113583,0.2021944522857666,0.006098125474907399,SAMME.R,0.0001,251,"{'algorithm': 'SAMME.R', 'learning_rate': 0.0001, 'n_estimators': 251}",0.9042553191489362,0.9680851063829787,0.9361702127659575,0.8924606845513413,0.9782608695652174,0.9358464384828862,0.0338193523497334,76,0.904244482173175,0.9680525659907103,0.9361413043478262,0.8811436575619,0.9784796893667861,0.9336123398880796,0.03693517991371316,66
146,1.281971549987793,0.07390381826956913,0.23198256492614747,0.004599971226884512,SAMME.R,0.0001,301,"{'algorithm': 'SAMME.R', 'learning_rate': 0.0001, 'n_estimators': 301}",0.9042553191489362,0.9680851063829787,0.9361702127659575,0.8924606845513413,0.9782608695652174,0.9358464384828862,0.0338193523497334,76,0.904244482173175,0.9680525659907103,0.9361413043478262,0.8811436575619,0.9784796893667861,0.9336123398880796,0.03693517991371316,66
147,1.5327666759490968,0.02355528024993041,0.2776346206665039,0.013890293659369448,SAMME.R,0.0001,351,"{'algorithm': 'SAMME.R', 'learning_rate': 0.0001, 'n_estimators': 351}",0.9042553191489362,0.9680851063829787,0.9361702127659575,0.8924606845513413,0.9782608695652174,0.9358464384828862,0.0338193523497334,76,0.904244482173175,0.9680525659907103,0.9361413043478262,0.8811436575619,0.9784796893667861,0.9336123398880796,0.03693517991371316,66
148,1.770599603652954,0.03996614915887251,0.3112767219543457,0.009169117633286596,SAMME.R,0.0001,401,"{'algorithm': 'SAMME.R', 'learning_rate': 0.0001, 'n_estimators': 401}",0.9042553191489362,0.9680851063829787,0.9449977365323676,0.8924606845513413,0.9782608695652174,0.9376119432361681,0.03401999223342606,71,0.904244482173175,0.9680525659907103,0.9361413043478262,0.8811436575619,0.9784796893667861,0.9336123398880796,0.03693517991371316,66
149,2.0035354614257814,0.0528655379008966,0.34616785049438475,0.006494274420713945,SAMME.R,0.0001,451,"{'algorithm': 'SAMME.R', 'learning_rate': 0.0001, 'n_estimators': 451}",0.9042553191489362,0.9680851063829787,0.9449977365323676,0.8924606845513413,0.9782608695652174,0.9376119432361681,0.03401999223342606,71,0.904244482173175,0.9680525659907103,0.9361413043478262,0.8811436575619,0.9784796893667861,0.9336123398880796,0.03693517991371316,66
150,0.008021831512451172,0.0003189286754474927,0.01604013442993164,0.00044288252776282635,SAMME.R,0.001,1,"{'algorithm': 'SAMME.R', 'learning_rate': 0.001, 'n_estimators': 1}",0.9042553191489362,0.9680851063829787,0.9361702127659575,0.8825161887141536,0.9782608695652174,0.9338575393154487,0.0364986472721189,104,0.904244482173175,0.9680525659907103,0.9361413043478262,0.8811436575619,0.9784796893667861,0.9336123398880796,0.03693517991371316,66
151,0.23148579597473146,0.013712451508559102,0.05636301040649414,0.0016138018170768688,SAMME.R,0.001,51,"{'algorithm': 'SAMME.R', 'learning_rate': 0.001, 'n_estimators': 51}",0.9042553191489362,0.9680851063829787,0.9449977365323676,0.8924606845513413,0.9782608695652174,0.9376119432361681,0.03401999223342606,71,0.904244482173175,0.9680525659907103,0.9361413043478262,0.8811436575619,0.9784796893667861,0.9336123398880796,0.03693517991371316,66
152,0.42360658645629884,0.022504083753725874,0.09098596572875976,0.006719184710569847,SAMME.R,0.001,101,"{'algorithm': 'SAMME.R', 'learning_rate': 0.001, 'n_estimators': 101}",0.9214576731552738,0.9680851063829787,0.9449977365323676,0.8924606845513413,0.9782608695652174,0.9410524140374358,0.031227908135158675,69,0.904244482173175,0.9680525659907103,0.9468024900962082,0.8811436575619,0.9784796893667861,0.9357445770377559,0.037325299198409205,61
153,0.6428095817565918,0.02662515433484454,0.13305339813232422,0.009674066341118923,SAMME.R,0.001,151,"{'algorithm': 'SAMME.R', 'learning_rate': 0.001, 'n_estimators': 151}",0.922363060208239,0.9680851063829787,0.9449977365323676,0.8924606845513413,0.9782608695652174,0.9412334914480288,0.031116186667585907,67,0.904244482173175,0.9680525659907103,0.9468024900962082,0.8811436575619,0.9784796893667861,0.9357445770377559,0.037325299198409205,61
154,0.8585159301757812,0.04827781854799994,0.1606450080871582,0.00035325250776688385,SAMME.R,0.001,201,"{'algorithm': 'SAMME.R', 'learning_rate': 0.001, 'n_estimators': 201}",0.922363060208239,0.9993209597102761,0.9449977365323676,0.8924606845513413,0.9986123959296946,0.9515509673863838,0.04215042231995601,65,0.904244482173175,0.9680525659907103,0.9468024900962082,0.8811436575619,0.9784796893667861,0.9357445770377559,0.037325299198409205,61
155,1.1055358409881593,0.05615193349313267,0.20206518173217775,0.012829739207881101,SAMME.R,0.001,251,"{'algorithm': 'SAMME.R', 'learning_rate': 0.001, 'n_estimators': 251}",0.9563150746944318,0.9993209597102761,0.9805341783612493,0.8924606845513413,0.9986123959296946,0.9654486586493987,0.03971248134612837,62,0.904244482173175,0.9680525659907103,0.9468024900962082,0.8811436575619,0.9784796893667861,0.9357445770377559,0.037325299198409205,61
156,1.2662991046905518,0.0726449382521846,0.25511598587036133,0.007647337621884464,SAMME.R,0.001,301,"{'algorithm': 'SAMME.R', 'learning_rate': 0.001, 'n_estimators': 301}",0.9563150746944318,0.9993209597102761,0.9805341783612493,0.8924606845513413,0.9986123959296946,0.9654486586493987,0.03971248134612837,62,0.904244482173175,0.9680525659907103,0.9468024900962082,0.8811436575619,0.9784796893667861,0.9357445770377559,0.037325299198409205,61
157,1.5051755428314209,0.062063562105466694,0.2776493072509766,0.010598297289938562,SAMME.R,0.001,351,"{'algorithm': 'SAMME.R', 'learning_rate': 0.001, 'n_estimators': 351}",0.9563150746944318,0.9993209597102761,0.9805341783612493,0.9019426456984273,0.9986123959296946,0.967345050878816,0.03625794719474408,60,0.9254559873116576,0.9680525659907103,0.9468024900962082,0.8920990683663494,0.9784796893667861,0.9421779602263424,0.030971654223335258,54
158,1.6551410675048828,0.03954733797336412,0.32084097862243655,0.013142003292908981,SAMME.R,0.001,401,"{'algorithm': 'SAMME.R', 'learning_rate': 0.001, 'n_estimators': 401}",0.9563150746944318,0.9997736532367587,0.9805341783612493,0.9553654024051805,0.9986123959296946,0.9781201409254632,0.01943128264310596,53,0.9254559873116576,0.9680525659907103,0.9468024900962082,0.9030016104744362,0.9784796893667861,0.9443584686479596,0.027565684144328067,52
159,1.9441858291625977,0.052871367055918196,0.3480365753173828,0.017332648146735307,SAMME.R,0.001,451,"{'algorithm': 'SAMME.R', 'learning_rate': 0.001, 'n_estimators': 451}",0.9542779538252604,0.9997736532367587,0.9805341783612493,0.9553654024051805,0.9986123959296946,0.9777127167516287,0.019899913195165663,54,0.9254559873116576,0.9680525659907103,0.9254559873116576,0.9030016104744362,0.9784796893667861,0.9400891680910496,0.028493966502850684,55
160,0.012533044815063477,0.003931086643888746,0.016134357452392577,0.00019410298320110731,SAMME.R,0.01,1,"{'algorithm': 'SAMME.R', 'learning_rate': 0.01, 'n_estimators': 1}",0.9042553191489362,0.9680851063829787,0.9361702127659575,0.8825161887141536,0.9782608695652174,0.9338575393154487,0.0364986472721189,104,0.904244482173175,0.9680525659907103,0.9361413043478262,0.8811436575619,0.9784796893667861,0.9336123398880796,0.03693517991371316,66
161,0.23430294990539552,0.016955614209917685,0.05893998146057129,0.003609039772861301,SAMME.R,0.01,51,"{'algorithm': 'SAMME.R', 'learning_rate': 0.01, 'n_estimators': 51}",0.9542779538252604,0.9997736532367587,0.9805341783612493,0.9553654024051805,0.9986123959296946,0.9777127167516287,0.019899913195165663,54,0.9254559873116576,0.9680525659907103,0.9254559873116576,0.9030016104744362,0.9784796893667861,0.9400891680910496,0.028493966502850684,55
162,0.4472192764282227,0.018012490296853652,0.08935508728027344,0.008048683849678013,SAMME.R,0.01,101,"{'algorithm': 'SAMME.R', 'learning_rate': 0.01, 'n_estimators': 101}",0.9569941149841558,1.0,0.982571299230421,0.9791859389454209,1.0,0.9837502706319995,0.015913656848311145,50,0.9147392290249434,0.9893604980192416,0.9574468085106385,0.9246789430151061,0.9460492953262697,0.9464549547792398,0.02623719877287719,51
163,0.6259912967681884,0.04340678248696892,0.13315787315368652,0.0041525101508906835,SAMME.R,0.01,151,"{'algorithm': 'SAMME.R', 'learning_rate': 0.01, 'n_estimators': 151}",0.9932095971027615,1.0,0.9972838388411046,0.9956059204440333,1.0,0.9972198712775799,0.002613406188327991,42,0.9468024900962082,0.9893604980192416,0.957427536231884,0.9353942652329749,0.9568895006683026,0.9571748580497224,0.017989113017369305,45
164,0.8607831954956054,0.046178036832847706,0.1654752731323242,0.007832857448323719,SAMME.R,0.01,201,"{'algorithm': 'SAMME.R', 'learning_rate': 0.01, 'n_estimators': 201}",0.9972838388411046,1.0,1.0,0.9969935245143386,1.0,0.9988554726710885,0.0014047570789179095,39,0.9680814940577249,1.0,0.978713768115942,0.9569793003292452,0.9784796893667861,0.9764508503739396,0.0142336700732267,40
165,1.0647058963775635,0.04660334433521178,0.20063061714172364,0.008935712685776523,SAMME.R,0.01,251,"{'algorithm': 'SAMME.R', 'learning_rate': 0.01, 'n_estimators': 251}",0.9981892258940698,1.0,1.0,0.9986123959296948,1.0,0.9993603243647529,0.0007947859242577494,36,0.9680814940577249,1.0,0.978713768115942,0.967741935483871,1.0,0.9829074395315075,0.014503098282024634,37
166,1.3163880348205566,0.04737482276248652,0.22943391799926757,0.008121307364487355,SAMME.R,0.01,301,"{'algorithm': 'SAMME.R', 'learning_rate': 0.01, 'n_estimators': 301}",0.9990946129470348,1.0,1.0,0.9990749306197964,1.0,0.9996339087133663,0.00044841162409587265,35,0.9680814940577249,1.0,1.0,0.9784896501646225,1.0,0.9893142288444695,0.013494870475002967,31
167,1.560018825531006,0.04743360307753842,0.27409677505493163,0.013852307569010958,SAMME.R,0.01,351,"{'algorithm': 'SAMME.R', 'learning_rate': 0.01, 'n_estimators': 351}",1.0,1.0,1.0,0.9995374653098982,1.0,0.9999074930619797,0.0001850138760407294,19,1.0,1.0,1.0,0.9784896501646225,1.0,0.9956979300329245,0.00860413993415099,3
168,1.6854546546936036,0.06380985145121547,0.3172626972198486,0.017574812570068037,SAMME.R,0.01,401,"{'algorithm': 'SAMME.R', 'learning_rate': 0.01, 'n_estimators': 401}",1.0,1.0,1.0,0.9995374653098983,1.0,0.9999074930619797,0.00018501387604068497,19,1.0,1.0,1.0,0.9784896501646225,1.0,0.9956979300329245,0.00860413993415099,3
169,1.9990394115447998,0.05134223196498415,0.34545440673828126,0.014214099593056575,SAMME.R,0.01,451,"{'algorithm': 'SAMME.R', 'learning_rate': 0.01, 'n_estimators': 451}",1.0,1.0,1.0,0.9995374653098983,1.0,0.9999074930619797,0.00018501387604068497,19,1.0,1.0,1.0,0.9784896501646225,1.0,0.9956979300329245,0.00860413993415099,3
170,0.01674227714538574,0.0017415330595828829,0.015433311462402344,0.0017055497716609326,SAMME.R,0.1,1,"{'algorithm': 'SAMME.R', 'learning_rate': 0.1, 'n_estimators': 1}",0.9042553191489362,0.9680851063829787,0.9361702127659575,0.8825161887141536,0.9782608695652174,0.9338575393154487,0.0364986472721189,104,0.904244482173175,0.9680525659907103,0.9361413043478262,0.8811436575619,0.9784796893667861,0.9336123398880796,0.03693517991371316,66
171,0.22585883140563964,0.01524608927684294,0.05298628807067871,0.003964122220335763,SAMME.R,0.1,51,"{'algorithm': 'SAMME.R', 'learning_rate': 0.1, 'n_estimators': 51}",0.9999999999999999,1.0,1.0,0.9995374653098982,1.0,0.9999074930619797,0.0001850138760407183,19,1.0,1.0,1.0,0.989247311827957,1.0,0.9978494623655914,0.004301075268817201,1
172,0.4270975112915039,0.02484125277172241,0.08946852684020996,0.003314204898216124,SAMME.R,0.1,101,"{'algorithm': 'SAMME.R', 'learning_rate': 0.1, 'n_estimators': 101}",1.0,1.0,1.0,0.9995374653098982,1.0,0.9999074930619797,0.0001850138760407294,19,1.0,0.9893604980192416,1.0,0.989247311827957,1.0,0.9957215619694397,0.005240117277638587,2
173,0.6700804710388184,0.032722928259934406,0.12330617904663085,0.003908751737151634,SAMME.R,0.1,151,"{'algorithm': 'SAMME.R', 'learning_rate': 0.1, 'n_estimators': 151}",1.0,1.0,1.0,1.0,1.0,1.0,0.0,1,1.0,0.9680525659907103,1.0,0.989247311827957,1.0,0.9914599755637334,0.012422550107308599,20
174,0.862462854385376,0.037980307482151615,0.15786094665527345,0.01222518055174497,SAMME.R,0.1,201,"{'algorithm': 'SAMME.R', 'learning_rate': 0.1, 'n_estimators': 201}",1.0,1.0,1.0,1.0,1.0,1.0,0.0,1,1.0,0.978713768115942,1.0,0.989247311827957,1.0,0.9935922159887799,0.008525555595676262,7
175,1.1025407314300537,0.026232395805195156,0.20549960136413575,0.008199393062204059,SAMME.R,0.1,251,"{'algorithm': 'SAMME.R', 'learning_rate': 0.1, 'n_estimators': 251}",1.0,1.0,1.0,1.0,1.0,1.0,0.0,1,1.0,0.978713768115942,1.0,0.989247311827957,1.0,0.9935922159887799,0.008525555595676262,7
176,1.279193925857544,0.07374646281912121,0.23911633491516113,0.005964026736262616,SAMME.R,0.1,301,"{'algorithm': 'SAMME.R', 'learning_rate': 0.1, 'n_estimators': 301}",1.0,1.0,1.0,1.0,1.0,1.0,0.0,1,1.0,0.9680525659907103,1.0,0.989247311827957,1.0,0.9914599755637334,0.012422550107308599,20
177,1.4989490985870362,0.07003503736498126,0.27806844711303713,0.01427374268034295,SAMME.R,0.1,351,"{'algorithm': 'SAMME.R', 'learning_rate': 0.1, 'n_estimators': 351}",1.0,1.0,1.0,1.0,1.0,1.0,0.0,1,1.0,0.9680525659907103,1.0,0.989247311827957,1.0,0.9914599755637334,0.012422550107308599,20
178,1.7527593612670898,0.026039672951109132,0.3205240726470947,0.01277472467615644,SAMME.R,0.1,401,"{'algorithm': 'SAMME.R', 'learning_rate': 0.1, 'n_estimators': 401}",1.0,1.0,1.0,1.0,1.0,1.0,0.0,1,1.0,0.9680525659907103,1.0,0.989247311827957,1.0,0.9914599755637334,0.012422550107308599,20
179,1.9875580310821532,0.06197264674946263,0.35001544952392577,0.022459150283334256,SAMME.R,0.1,451,"{'algorithm': 'SAMME.R', 'learning_rate': 0.1, 'n_estimators': 451}",1.0,1.0,1.0,1.0,1.0,1.0,0.0,1,1.0,0.9680525659907103,1.0,0.989247311827957,1.0,0.9914599755637334,0.012422550107308599,20
180,0.009226131439208984,0.0035305847164021015,0.015933847427368163,0.00019343647947650885,SAMME.R,1.0,1,"{'algorithm': 'SAMME.R', 'learning_rate': 1.0, 'n_estimators': 1}",0.9042553191489362,0.9680851063829787,0.9361702127659575,0.8825161887141536,0.9782608695652174,0.9338575393154487,0.0364986472721189,104,0.904244482173175,0.9680525659907103,0.9361413043478262,0.8811436575619,0.9784796893667861,0.9336123398880796,0.03693517991371316,66
181,0.22128081321716309,0.009478057414917676,0.05375542640686035,0.003558384469103429,SAMME.R,1.0,51,"{'algorithm': 'SAMME.R', 'learning_rate': 1.0, 'n_estimators': 51}",1.0,1.0,1.0,0.9999999999999999,1.0,1.0,4.965068306494546e-17,1,1.0,0.9893604980192416,0.9893604980192416,0.989247311827957,1.0,0.9935936615732881,0.005230916698523983,6
182,0.4482100009918213,0.01898414275519597,0.08837747573852539,0.0051015812200685485,SAMME.R,1.0,101,"{'algorithm': 'SAMME.R', 'learning_rate': 1.0, 'n_estimators': 101}",1.0,1.0,1.0,1.0,1.0,1.0,0.0,1,1.0,0.978713768115942,1.0,0.989247311827957,1.0,0.9935922159887799,0.008525555595676262,7
183,0.6451495170593262,0.029098586621348704,0.13174309730529785,0.006441482760715554,SAMME.R,1.0,151,"{'algorithm': 'SAMME.R', 'learning_rate': 1.0, 'n_estimators': 151}",1.0,1.0,1.0,1.0,1.0,1.0,0.0,1,1.0,0.978713768115942,1.0,0.989247311827957,1.0,0.9935922159887799,0.008525555595676262,7
184,0.8512797832489014,0.05144979034553301,0.17643914222717286,0.01700816323638337,SAMME.R,1.0,201,"{'algorithm': 'SAMME.R', 'learning_rate': 1.0, 'n_estimators': 201}",1.0,1.0,1.0,1.0,0.9999999999999999,1.0,4.965068306494546e-17,1,1.0,0.978713768115942,0.9893604980192416,0.989247311827957,1.0,0.9914643155926282,0.007970362998438464,15
185,1.0963902950286866,0.024413539347873568,0.20560836791992188,0.014579197202520093,SAMME.R,1.0,251,"{'algorithm': 'SAMME.R', 'learning_rate': 1.0, 'n_estimators': 251}",1.0,1.0,1.0,1.0,1.0,1.0,0.0,1,1.0,0.978713768115942,0.9893604980192416,0.989247311827957,1.0,0.9914643155926282,0.007970362998438464,15
186,1.2902119636535645,0.009484452225872915,0.24458208084106445,0.009308530599001143,SAMME.R,1.0,301,"{'algorithm': 'SAMME.R', 'learning_rate': 1.0, 'n_estimators': 301}",1.0,1.0,1.0,1.0,1.0,1.0,0.0,1,1.0,0.978713768115942,0.9893604980192416,0.989247311827957,1.0,0.9914643155926282,0.007970362998438464,15
187,1.5653392314910888,0.03629843052223056,0.28174123764038084,0.019229948876823205,SAMME.R,1.0,351,"{'algorithm': 'SAMME.R', 'learning_rate': 1.0, 'n_estimators': 351}",1.0,1.0,1.0,1.0,1.0,1.0,0.0,1,1.0,0.978713768115942,0.9893604980192416,0.989247311827957,1.0,0.9914643155926282,0.007970362998438464,15
188,1.70172176361084,0.05508300358251212,0.3191202163696289,0.013518684600796813,SAMME.R,1.0,401,"{'algorithm': 'SAMME.R', 'learning_rate': 1.0, 'n_estimators': 401}",1.0,1.0,1.0,1.0,1.0,1.0,0.0,1,1.0,0.978713768115942,0.9893604980192416,0.989247311827957,1.0,0.9914643155926282,0.007970362998438464,15
189,1.9119478225708009,0.08449290778551516,0.3479293346405029,0.01614081622645627,SAMME.R,1.0,451,"{'algorithm': 'SAMME.R', 'learning_rate': 1.0, 'n_estimators': 451}",1.0,1.0,1.0,1.0,1.0,1.0,0.0,1,1.0,0.978713768115942,1.0,0.989247311827957,1.0,0.9935922159887799,0.008525555595676262,7
190,0.011633634567260742,0.004043782266762622,0.017637157440185548,0.003458559394570989,SAMME.R,10,1,"{'algorithm': 'SAMME.R', 'learning_rate': 10, 'n_estimators': 1}",0.9042553191489362,0.9680851063829787,0.9361702127659575,0.8825161887141536,0.9782608695652174,0.9338575393154487,0.0364986472721189,104,0.904244482173175,0.9680525659907103,0.9361413043478262,0.8811436575619,0.9784796893667861,0.9336123398880796,0.03693517991371316,66
191,0.2114870548248291,0.025942910611743544,0.054666757583618164,0.0060404011562931095,SAMME.R,10,51,"{'algorithm': 'SAMME.R', 'learning_rate': 10, 'n_estimators': 51}",0.9137618832050701,0.9680851063829787,0.10547759167043907,0.8815911193339502,0.021739130434782594,0.5781309662054441,0.42184677213319083,203,0.914855072463768,0.9680525659907103,0.3333333333333333,0.8590427164158541,0.3393241167434715,0.6829215609894274,0.28509038487984156,194
192,0.4010308742523193,0.04615919284700844,0.09088969230651855,0.012006083683236942,SAMME.R,10,101,"{'algorithm': 'SAMME.R', 'learning_rate': 10, 'n_estimators': 101}",0.9137618832050701,0.9680851063829787,0.10547759167043907,0.8815911193339502,0.021739130434782594,0.5781309662054441,0.42184677213319083,203,0.914855072463768,0.9680525659907103,0.3333333333333333,0.8590427164158541,0.3393241167434715,0.6829215609894274,0.28509038487984156,194
193,0.6299988746643066,0.06164272770644773,0.13199372291564943,0.005915981190664713,SAMME.R,10,151,"{'algorithm': 'SAMME.R', 'learning_rate': 10, 'n_estimators': 151}",0.9137618832050701,0.9680851063829787,0.10547759167043907,0.8815911193339502,0.021739130434782594,0.5781309662054441,0.42184677213319083,203,0.914855072463768,0.9680525659907103,0.3333333333333333,0.8590427164158541,0.3393241167434715,0.6829215609894274,0.28509038487984156,194
194,0.7999449253082276,0.0578534286730463,0.161700439453125,0.005992349723488819,SAMME.R,10,201,"{'algorithm': 'SAMME.R', 'learning_rate': 10, 'n_estimators': 201}",0.9137618832050701,0.9680851063829787,0.10547759167043907,0.8815911193339502,0.021739130434782594,0.5781309662054441,0.42184677213319083,203,0.914855072463768,0.9680525659907103,0.3333333333333333,0.8590427164158541,0.3393241167434715,0.6829215609894274,0.28509038487984156,194
195,1.0007669448852539,0.10659104899901768,0.1974553108215332,0.010847817955777796,SAMME.R,10,251,"{'algorithm': 'SAMME.R', 'learning_rate': 10, 'n_estimators': 251}",0.9137618832050701,0.9680851063829787,0.10547759167043907,0.8815911193339502,0.021739130434782594,0.5781309662054441,0.42184677213319083,203,0.914855072463768,0.9680525659907103,0.3333333333333333,0.8590427164158541,0.3393241167434715,0.6829215609894274,0.28509038487984156,194
196,1.2343252182006836,0.11622340605993137,0.24545745849609374,0.0038878589164270793,SAMME.R,10,301,"{'algorithm': 'SAMME.R', 'learning_rate': 10, 'n_estimators': 301}",0.9137618832050701,0.9680851063829787,0.10547759167043907,0.8815911193339502,0.021739130434782594,0.5781309662054441,0.42184677213319083,203,0.914855072463768,0.9680525659907103,0.3333333333333333,0.8590427164158541,0.3393241167434715,0.6829215609894274,0.28509038487984156,194
197,1.4020823001861573,0.1257814086697355,0.2698678970336914,0.01871153884411777,SAMME.R,10,351,"{'algorithm': 'SAMME.R', 'learning_rate': 10, 'n_estimators': 351}",0.9137618832050701,0.9680851063829787,0.10547759167043907,0.8815911193339502,0.021739130434782594,0.5781309662054441,0.42184677213319083,203,0.914855072463768,0.9680525659907103,0.3333333333333333,0.8590427164158541,0.3393241167434715,0.6829215609894274,0.28509038487984156,194
198,1.5715072631835938,0.12316424685735368,0.26705193519592285,0.03159674605678718,SAMME.R,10,401,"{'algorithm': 'SAMME.R', 'learning_rate': 10, 'n_estimators': 401}",0.9137618832050701,0.9680851063829787,0.10547759167043907,0.8815911193339502,0.021739130434782594,0.5781309662054441,0.42184677213319083,203,0.914855072463768,0.9680525659907103,0.3333333333333333,0.8590427164158541,0.3393241167434715,0.6829215609894274,0.28509038487984156,194
199,1.691654920578003,0.1378016034591907,0.20010757446289062,0.010427026306606593,SAMME.R,10,451,"{'algorithm': 'SAMME.R', 'learning_rate': 10, 'n_estimators': 451}",0.9137618832050701,0.9680851063829787,0.10547759167043907,0.8815911193339502,0.021739130434782594,0.5781309662054441,0.42184677213319083,203,0.914855072463768,0.9680525659907103,0.3333333333333333,0.8590427164158541,0.3393241167434715,0.6829215609894274,0.28509038487984156,194
200,0.013417768478393554,0.005720484404094993,0.015526390075683594,0.0017469874160316245,SAMME.R,100,1,"{'algorithm': 'SAMME.R', 'learning_rate': 100, 'n_estimators': 1}",0.9042553191489362,0.9680851063829787,0.9361702127659575,0.8825161887141536,0.9782608695652174,0.9338575393154487,0.0364986472721189,104,0.904244482173175,0.9680525659907103,0.9361413043478262,0.8811436575619,0.9784796893667861,0.9336123398880796,0.03693517991371316,66
201,0.02469182014465332,0.007314271741300867,0.01761784553527832,0.0038802946476099655,SAMME.R,100,51,"{'algorithm': 'SAMME.R', 'learning_rate': 100, 'n_estimators': 51}",0.08397464916251697,0.9680851063829787,0.9361702127659575,0.15911193339500462,0.9782608695652174,0.625120554254335,0.412089209198136,194,0.08469202898550725,0.3333333333333333,0.3333333333333333,0.13255624830577395,0.3273768082308347,0.2422583504377565,0.1101781772803496,203
202,0.024173974990844727,0.005263792381007918,0.01589055061340332,0.00041785611552906486,SAMME.R,100,101,"{'algorithm': 'SAMME.R', 'learning_rate': 100, 'n_estimators': 101}",0.08397464916251697,0.9680851063829787,0.9361702127659575,0.15911193339500462,0.9782608695652174,0.625120554254335,0.412089209198136,194,0.08469202898550725,0.3333333333333333,0.3333333333333333,0.13255624830577395,0.3273768082308347,0.2422583504377565,0.1101781772803496,203
203,0.024028682708740236,0.005086866184422538,0.018966197967529297,0.0037826962925936124,SAMME.R,100,151,"{'algorithm': 'SAMME.R', 'learning_rate': 100, 'n_estimators': 151}",0.08397464916251697,0.9680851063829787,0.9361702127659575,0.15911193339500462,0.9782608695652174,0.625120554254335,0.412089209198136,194,0.08469202898550725,0.3333333333333333,0.3333333333333333,0.13255624830577395,0.3273768082308347,0.2422583504377565,0.1101781772803496,203
204,0.02056264877319336,0.004099295828372691,0.016123294830322266,0.0002339206317853002,SAMME.R,100,201,"{'algorithm': 'SAMME.R', 'learning_rate': 100, 'n_estimators': 201}",0.08397464916251697,0.9680851063829787,0.9361702127659575,0.15911193339500462,0.9782608695652174,0.625120554254335,0.412089209198136,194,0.08469202898550725,0.3333333333333333,0.3333333333333333,0.13255624830577395,0.3273768082308347,0.2422583504377565,0.1101781772803496,203
205,0.019200849533081054,0.003920281893540827,0.018219470977783203,0.003438276548611146,SAMME.R,100,251,"{'algorithm': 'SAMME.R', 'learning_rate': 100, 'n_estimators': 251}",0.08397464916251697,0.9680851063829787,0.9361702127659575,0.15911193339500462,0.9782608695652174,0.625120554254335,0.412089209198136,194,0.08469202898550725,0.3333333333333333,0.3333333333333333,0.13255624830577395,0.3273768082308347,0.2422583504377565,0.1101781772803496,203
206,0.017458581924438478,0.003862643652684941,0.017254114151000977,0.0029504671132989293,SAMME.R,100,301,"{'algorithm': 'SAMME.R', 'learning_rate': 100, 'n_estimators': 301}",0.08397464916251697,0.9680851063829787,0.9361702127659575,0.15911193339500462,0.9782608695652174,0.625120554254335,0.412089209198136,194,0.08469202898550725,0.3333333333333333,0.3333333333333333,0.13255624830577395,0.3273768082308347,0.2422583504377565,0.1101781772803496,203
207,0.02095508575439453,0.003998691117403911,0.017742061614990236,0.003181820374632067,SAMME.R,100,351,"{'algorithm': 'SAMME.R', 'learning_rate': 100, 'n_estimators': 351}",0.08397464916251697,0.9680851063829787,0.9361702127659575,0.15911193339500462,0.9782608695652174,0.625120554254335,0.412089209198136,194,0.08469202898550725,0.3333333333333333,0.3333333333333333,0.13255624830577395,0.3273768082308347,0.2422583504377565,0.1101781772803496,203
208,0.017446470260620118,0.0035540188217482783,0.015940380096435548,0.00018709758201737982,SAMME.R,100,401,"{'algorithm': 'SAMME.R', 'learning_rate': 100, 'n_estimators': 401}",0.08397464916251697,0.9680851063829787,0.9361702127659575,0.15911193339500462,0.9782608695652174,0.625120554254335,0.412089209198136,194,0.08469202898550725,0.3333333333333333,0.3333333333333333,0.13255624830577395,0.3273768082308347,0.2422583504377565,0.1101781772803496,203
209,0.021130847930908202,0.006190950828586167,0.015748310089111327,0.0050537890910566175,SAMME.R,100,451,"{'algorithm': 'SAMME.R', 'learning_rate': 100, 'n_estimators': 451}",0.08397464916251697,0.9680851063829787,0.9361702127659575,0.15911193339500462,0.9782608695652174,0.625120554254335,0.412089209198136,194,0.08469202898550725,0.3333333333333333,0.3333333333333333,0.13255624830577395,0.3273768082308347,0.2422583504377565,0.1101781772803496,203
210,0.012887954711914062,0.0038089045292154667,0.017609262466430665,0.0032205585463356743,SAMME.R,1000,1,"{'algorithm': 'SAMME.R', 'learning_rate': 1000, 'n_estimators': 1}",0.9042553191489362,0.9680851063829787,0.9361702127659575,0.8825161887141536,0.9782608695652174,0.9338575393154487,0.0364986472721189,104,0.904244482173175,0.9680525659907103,0.9361413043478262,0.8811436575619,0.9784796893667861,0.9336123398880796,0.03693517991371316,66
211,0.024095439910888673,0.004918886560842861,0.016534709930419923,0.0004779255271690305,SAMME.R,1000,51,"{'algorithm': 'SAMME.R', 'learning_rate': 1000, 'n_estimators': 51}",0.9042553191489362,0.9680851063829787,0.9361702127659575,0.8825161887141536,0.9782608695652174,0.9338575393154487,0.0364986472721189,104,0.904244482173175,0.9680525659907103,0.9361413043478262,0.8811436575619,0.9784796893667861,0.9336123398880796,0.03693517991371316,66
212,0.01843991279602051,0.008435088712749159,0.017008304595947266,0.0030218553676985864,SAMME.R,1000,101,"{'algorithm': 'SAMME.R', 'learning_rate': 1000, 'n_estimators': 101}",0.9042553191489362,0.9680851063829787,0.9361702127659575,0.8825161887141536,0.9782608695652174,0.9338575393154487,0.0364986472721189,104,0.904244482173175,0.9680525659907103,0.9361413043478262,0.8811436575619,0.9784796893667861,0.9336123398880796,0.03693517991371316,66
213,0.01858820915222168,0.006216356445302743,0.014548778533935547,0.0016391149381658515,SAMME.R,1000,151,"{'algorithm': 'SAMME.R', 'learning_rate': 1000, 'n_estimators': 151}",0.9042553191489362,0.9680851063829787,0.9361702127659575,0.8825161887141536,0.9782608695652174,0.9338575393154487,0.0364986472721189,104,0.904244482173175,0.9680525659907103,0.9361413043478262,0.8811436575619,0.9784796893667861,0.9336123398880796,0.03693517991371316,66
214,0.01744241714477539,0.0030905486667834044,0.016081523895263673,0.005061190917944552,SAMME.R,1000,201,"{'algorithm': 'SAMME.R', 'learning_rate': 1000, 'n_estimators': 201}",0.9042553191489362,0.9680851063829787,0.9361702127659575,0.8825161887141536,0.9782608695652174,0.9338575393154487,0.0364986472721189,104,0.904244482173175,0.9680525659907103,0.9361413043478262,0.8811436575619,0.9784796893667861,0.9336123398880796,0.03693517991371316,66
215,0.014662504196166992,0.003336536925174531,0.01540236473083496,0.004370614105689889,SAMME.R,1000,251,"{'algorithm': 'SAMME.R', 'learning_rate': 1000, 'n_estimators': 251}",0.9042553191489362,0.9680851063829787,0.9361702127659575,0.8825161887141536,0.9782608695652174,0.9338575393154487,0.0364986472721189,104,0.904244482173175,0.9680525659907103,0.9361413043478262,0.8811436575619,0.9784796893667861,0.9336123398880796,0.03693517991371316,66
216,0.018386650085449218,0.003681740241151057,0.014123344421386718,0.002384071698319912,SAMME.R,1000,301,"{'algorithm': 'SAMME.R', 'learning_rate': 1000, 'n_estimators': 301}",0.9042553191489362,0.9680851063829787,0.9361702127659575,0.8825161887141536,0.9782608695652174,0.9338575393154487,0.0364986472721189,104,0.904244482173175,0.9680525659907103,0.9361413043478262,0.8811436575619,0.9784796893667861,0.9336123398880796,0.03693517991371316,66
217,0.01124558448791504,0.003988228582350883,0.019127798080444337,0.006332809497673196,SAMME.R,1000,351,"{'algorithm': 'SAMME.R', 'learning_rate': 1000, 'n_estimators': 351}",0.9042553191489362,0.9680851063829787,0.9361702127659575,0.8825161887141536,0.9782608695652174,0.9338575393154487,0.0364986472721189,104,0.904244482173175,0.9680525659907103,0.9361413043478262,0.8811436575619,0.9784796893667861,0.9336123398880796,0.03693517991371316,66
218,0.01431431770324707,0.0031647448282381813,0.01594686508178711,0.00032477178966448746,SAMME.R,1000,401,"{'algorithm': 'SAMME.R', 'learning_rate': 1000, 'n_estimators': 401}",0.9042553191489362,0.9680851063829787,0.9361702127659575,0.8825161887141536,0.9782608695652174,0.9338575393154487,0.0364986472721189,104,0.904244482173175,0.9680525659907103,0.9361413043478262,0.8811436575619,0.9784796893667861,0.9336123398880796,0.03693517991371316,66
219,0.01293320655822754,0.003485490352198823,0.012806081771850586,0.003865645778963583,SAMME.R,1000,451,"{'algorithm': 'SAMME.R', 'learning_rate': 1000, 'n_estimators': 451}",0.9042553191489362,0.9680851063829787,0.9361702127659575,0.8825161887141536,0.9782608695652174,0.9338575393154487,0.0364986472721189,104,0.904244482173175,0.9680525659907103,0.9361413043478262,0.8811436575619,0.9784796893667861,0.9336123398880796,0.03693517991371316,66
